Time,0,0.005,0.01,0.015,0.02,0.025,0.03,0.035,0.04,0.045,0.05,0.055,0.06,0.065,0.07,0.075,0.08,0.085,0.09,0.095,0.1,0.105,0.11,0.115,0.12,0.125,0.13,0.135,0.14,0.145,0.15,0.155,0.16,0.165,0.17,0.175,0.18,0.185,0.19,0.195,0.2,0.205,0.21,0.215,0.22,0.225,0.23,0.235,0.24,0.245,0.25,0.255,0.26,0.265,0.27,0.275,0.28,0.285,0.29,0.295,0.3,0.305,0.31,0.315,0.32,0.325,0.33,0.335,0.34,0.345,0.35,0.355,0.36,0.365,0.37,0.375,0.38,0.385,0.39,0.395,0.4,0.405,0.41,0.415,0.42,0.425,0.43,0.435,0.44,0.445,0.45,0.455,0.46,0.465,0.47,0.475,0.48,0.485,0.49,0.495,0.5,0.505,0.51,0.515,0.52,0.525,0.53,0.535,0.54,0.545,0.55,0.555,0.56,0.565,0.57,0.575,0.58,0.585,0.59,0.595,0.6,0.605,0.61,0.615,0.62,0.625,0.63,0.635,0.64,0.645,0.65,0.655,0.66,0.665,0.67,0.675,0.68,0.685,0.69,0.695,0.7,0.705,0.71,0.715,0.72,0.725,0.73,0.735,0.74,0.745,0.75,0.755,0.76,0.765,0.77,0.775,0.78,0.785,0.79,0.795,0.8,0.805,0.81,0.815,0.82,0.825,0.83,0.835,0.84,0.845,0.85,0.855,0.86,0.865,0.87,0.875,0.88,0.885,0.89,0.895,0.9,0.905,0.91,0.915,0.92,0.925,0.93,0.935,0.94,0.945,0.95,0.955,0.96,0.965,0.97,0.975,0.98,0.985,0.99,0.995,1
FP1,-2.121582289e-06,-3.999508468e-06,-3.457295558e-06,6.454463512e-07,5.525904106e-06,6.692233688e-06,2.271250603e-06,-4.894199727e-06,-9.636130862e-06,-9.126912472e-06,-5.332260102e-06,-2.971407469e-06,-5.082731072e-06,-1.043973761e-05,-1.501670196e-05,-1.575881464e-05,-1.30112968e-05,-9.670374676e-06,-8.343628277e-06,-9.316764868e-06,-1.085010989e-05,-1.101206065e-05,-9.217408833e-06,-6.406756208e-06,-4.131063777e-06,-3.422100034e-06,-4.155945353e-06,-5.220979633e-06,-5.41056356e-06,-4.461809102e-06,-3.337598122e-06,-3.319085661e-06,-4.649390017e-06,-6.147966365e-06,-6.375262573e-06,-5.21512348e-06,-4.117017073e-06,-4.630576629e-06,-6.813612116e-06,-9.29682976e-06,-1.089682812e-05,-1.188220994e-05,-1.345557249e-05,-1.616183513e-05,-1.915508202e-05,-2.113223926e-05,-2.173416788e-05,-2.17781315e-05,-2.220271995e-05,-2.30627726e-05,-2.360382929e-05,-2.304301594e-05,-2.107139182e-05,-1.779998731e-05,-1.360620784e-05,-9.068586869e-06,-4.613482852e-06,1.504289726e-07,6.535750317e-06,1.5614635e-05,2.667915266e-05,3.727063419e-05,4.538350692e-05,5.179829193e-05,5.979052723e-05,7.206166415e-05,8.795287871e-05,0.0001039778319,0.000117196335,0.0001278602258,0.0001386282053,0.0001514200432,0.0001653253315,0.0001774749686,0.0001855157201,0.0001890579867,0.0001891430311,0.0001869385092,0.0001831162959,0.0001780516286,0.0001721142409,0.0001656820429,0.0001590699681,0.0001524621817,0.000145697909,0.0001380944855,0.0001288561285,0.0001180412825,0.0001070125884,9.74458977e-05,8.967242341e-05,8.233079319e-05,7.405506493e-05,6.535879696e-05,5.829506581e-05,5.403259922e-05,5.120676638e-05,4.718230382e-05,4.081174775e-05,3.33412808e-05,2.643112686e-05,1.998146416e-05,1.270640093e-05,4.691844533e-06,-1.67464665e-06,-4.077835899e-06,-3.216452436e-06,-2.476944168e-06,-4.411112654e-06,-8.152776766e-06,-1.084548565e-05,-1.121274653e-05,-1.083893381e-05,-1.178084606e-05,-1.380559453e-05,-1.483500901e-05,-1.386974333e-05,-1.24925964e-05,-1.306375635e-05,-1.606161884e-05,-1.991437948e-05,-2.316229955e-05,-2.583630985e-05,-2.845597934e-05,-3.06116298e-05,-3.149309644e-05,-3.145417379e-05,-3.172970364e-05,-3.206947118e-05,-2.979238592e-05,-2.276131375e-05,-1.339774092e-05,-8.183070767e-06,-1.172275623e-05,-2.148386954e-05,-2.964662969e-05,-3.067388383e-05,-2.628143374e-05,-2.229021541e-05,-2.146036031e-05,-2.114726064e-05,-1.840631792e-05,-1.556919802e-05,-1.844831763e-05,-2.863006803e-05,-3.93420997e-05,-4.082237422e-05,-2.986473885e-05,-1.288308346e-05,9.201734828e-07,8.41128619e-06,1.362918008e-05,2.082999421e-05,2.843584746e-05,3.101992951e-05,2.632524987e-05,1.842435537e-05,1.327350934e-05,1.229010083e-05,1.168309915e-05,7.972406184e-06,2.716845834e-06,8.098107776e-07,4.67997285e-06,1.146371478e-05,1.630884689e-05,1.76182566e-05,1.810097882e-05,2.081450195e-05,2.519011313e-05,2.761006782e-05,2.552528142e-05,2.023030615e-05,1.540963261e-05,1.348613242e-05,1.381986789e-05,1.418692189e-05,1.335546771e-05,1.201534594e-05,1.169548454e-05,1.333518108e-05,1.681595515e-05,2.123800362e-05,2.524378094e-05,2.742122749e-05,2.71413842e-05,2.535921062e-05,2.424598293e-05,2.545776345e-05,2.859554672e-05,3.165312643e-05,3.321562193e-05,3.373552882e-05,3.489345611e-05,3.589456438e-05,3.470758588e-05,2.73986038e-05,1.739661214e-05,7.427008125e-06,9.41404677e-06,8.941390078e-06
AFF5,-1.129858924e-06,-3.195068279e-06,-3.527296633e-06,-7.340818208e-07,3.028897654e-06,4.0622279e-06,9.836957448e-07,-3.70367146e-06,-6.063066685e-06,-4.660176319e-06,-1.933710173e-06,-1.668698502e-06,-5.206212219e-06,-1.014717579e-05,-1.266424022e-05,-1.101131021e-05,-6.899394929e-06,-3.698521745e-06,-3.417510408e-06,-5.248918174e-06,-6.689679176e-06,-5.868167215e-06,-2.941761562e-06,3.703914791e-07,2.343776073e-06,2.449623596e-06,1.398218035e-06,2.916752023e-07,-2.685810888e-07,-4.321757386e-07,-6.18823983e-07,-8.221867065e-07,-4.206382551e-07,1.216816544e-06,3.859808306e-06,6.243882184e-06,6.975527173e-06,5.733611855e-06,3.511356108e-06,1.569917775e-06,2.003461042e-07,-1.353110913e-06,-3.780463494e-06,-6.769735169e-06,-9.357018542e-06,-1.105862296e-05,-1.233016109e-05,-1.382121644e-05,-1.54812203e-05,-1.670364111e-05,-1.720779654e-05,-1.73034679e-05,-1.709375183e-05,-1.583677917e-05,-1.268658548e-05,-8.120361971e-06,-4.059684899e-06,-2.057334902e-06,-1.486890982e-06,-5.811131375e-08,3.685246594e-06,8.789183911e-06,1.322091022e-05,1.656340443e-05,2.073696895e-05,2.774404807e-05,3.711822934e-05,4.620041563e-05,5.295455501e-05,5.798377335e-05,6.345956176e-05,7.041840989e-05,7.763758796e-05,8.309577091e-05,8.590479276e-05,8.647118266e-05,8.52774184e-05,8.233544169e-05,7.799129088e-05,7.355771885e-05,7.044173694e-05,6.87139386e-05,6.710188509e-05,6.45651469e-05,6.140533561e-05,5.842928079e-05,5.538416003e-05,5.100051594e-05,4.481711798e-05,3.836091245e-05,3.384445907e-05,3.175455799e-05,3.032151032e-05,2.760773059e-05,2.36657587e-05,2.016554086e-05,1.814189419e-05,1.680341837e-05,1.474717028e-05,1.171200075e-05,8.494097175e-06,5.395312324e-06,1.671131999e-06,-3.050770391e-06,-7.397297143e-06,-9.16152627e-06,-7.702828127e-06,-4.838228876e-06,-2.986415639e-06,-2.839281374e-06,-3.398456019e-06,-4.027574983e-06,-5.496078456e-06,-8.471969912e-06,-1.159998806e-05,-1.21566577e-05,-8.988637242e-06,-4.270574847e-06,-1.798903849e-06,-3.63389797e-06,-8.718326217e-06,-1.450721369e-05,-1.921451654e-05,-2.230681988e-05,-2.370763022e-05,-2.356247008e-05,-2.269402768e-05,-2.21597096e-05,-2.166262956e-05,-1.910132069e-05,-1.294778752e-05,-5.263911531e-06,-1.171343525e-06,-4.148569608e-06,-1.198606105e-05,-1.84114447e-05,-1.913007609e-05,-1.56093322e-05,-1.239079994e-05,-1.146192239e-05,-1.069573746e-05,-8.02583541e-06,-5.513517625e-06,-7.475380615e-06,-1.460404493e-05,-2.165029296e-05,-2.223697663e-05,-1.547807783e-05,-6.534973732e-06,-5.073046971e-07,2.836589339e-06,7.215128514e-06,1.362488236e-05,1.796033489e-05,1.568242686e-05,7.72042948e-06,1.120297278e-07,-2.365953123e-06,-9.280144272e-07,-3.559939195e-07,-2.708325403e-06,-4.924518461e-06,-2.953008442e-06,2.993816683e-06,8.490858705e-06,9.943714591e-06,8.426359523e-06,8.022728442e-06,1.108070498e-05,1.592494166e-05,1.901532321e-05,1.84157107e-05,1.485647208e-05,1.026718953e-05,6.236647454e-06,3.717725014e-06,3.094296339e-06,3.834219078e-06,4.586847377e-06,4.542041568e-06,4.763073283e-06,7.350156517e-06,1.271195045e-05,1.813206678e-05,1.995959192e-05,1.746765301e-05,1.393354536e-05,1.334059287e-05,1.623229336e-05,1.942692655e-05,1.986737048e-05,1.807807508e-05,1.716950404e-05,1.891276165e-05,2.100606971e-05,1.975304493e-05,1.326324523e-05,4.968654322e-06,-1.153880859e-06,-2.261332087e-07,2.152995664e-06
AFz,-1.991292377e-06,-3.702459758e-06,-3.491796397e-06,-2.270057375e-07,4.229098245e-06,6.197795508e-06,3.557262546e-06,-2.0158781e-06,-6.423435853e-06,-6.964869718e-06,-4.809176601e-06,-3.659685713e-06,-6.044423585e-06,-1.096614015e-05,-1.504520756e-05,-1.570954303e-05,-1.323247002e-05,-9.992262859e-06,-8.155461036e-06,-8.11112951e-06,-8.727473942e-06,-8.658382515e-06,-7.360486529e-06,-5.233533906e-06,-3.160968034e-06,-1.92220568e-06,-1.753848187e-06,-2.237437961e-06,-2.628200519e-06,-2.441240335e-06,-1.78786547e-06,-1.112819159e-06,-6.118869014e-07,-8.829340887e-11,1.080304577e-06,2.486742679e-06,3.536684863e-06,3.592113176e-06,2.635005911e-06,1.211453734e-06,-1.62469314e-07,-1.470927988e-06,-3.079326705e-06,-5.232387997e-06,-7.740431953e-06,-1.015160404e-05,-1.217581034e-05,-1.390245958e-05,-1.559018136e-05,-1.72181937e-05,-1.822656457e-05,-1.776909837e-05,-1.538812077e-05,-1.156269643e-05,-7.525461103e-06,-4.3233693e-06,-1.902248674e-06,8.388231065e-07,4.933754272e-06,1.021716516e-05,1.536703022e-05,1.917009051e-05,2.177382093e-05,2.468603682e-05,2.958096313e-05,3.71163142e-05,4.673614353e-05,5.727210073e-05,6.753340412e-05,7.657103834e-05,8.395124561e-05,9.013259227e-05,9.632570756e-05,0.0001033779232,0.0001104726441,0.0001152022835,0.0001154591182,0.0001114961757,0.0001059458735,0.0001015664986,9.897273213e-05,9.667526679e-05,9.318469375e-05,8.86690461e-05,8.43539719e-05,8.063010522e-05,7.631584089e-05,6.999256529e-05,6.177052879e-05,5.341007164e-05,4.678419059e-05,4.252166555e-05,4.010683457e-05,3.875811716e-05,3.774264151e-05,3.607918646e-05,3.273381893e-05,2.761835293e-05,2.209273374e-05,1.780295533e-05,1.481008155e-05,1.133312848e-05,5.842200668e-06,-7.02396937e-07,-5.237605731e-06,-5.51415756e-06,-2.422039712e-06,8.414531111e-07,1.756801669e-06,3.122801189e-07,-1.966241199e-06,-4.054763975e-06,-5.934698269e-06,-7.411391628e-06,-7.428544196e-06,-5.189576972e-06,-1.660115995e-06,7.564997688e-07,2.895468293e-07,-2.755815178e-06,-6.763580036e-06,-1.057496913e-05,-1.403399383e-05,-1.708684136e-05,-1.926758882e-05,-2.051395903e-05,-2.177085298e-05,-2.367587298e-05,-2.456994827e-05,-2.107424918e-05,-1.193505579e-05,-1.178781863e-06,3.960159546e-06,-5.445899752e-07,-1.120779895e-05,-1.989291965e-05,-2.125722756e-05,-1.696507796e-05,-1.243106548e-05,-1.03433107e-05,-8.634514015e-06,-4.840045116e-06,-8.633285207e-07,-1.714292086e-06,-9.348202982e-06,-1.904751466e-05,-2.308391281e-05,-1.789095362e-05,-6.897757255e-06,3.710022254e-06,1.101329561e-05,1.646050096e-05,2.175469356e-05,2.537228999e-05,2.416170528e-05,1.776987686e-05,1.011366973e-05,5.869371069e-06,6.058853635e-06,7.77099751e-06,7.999027924e-06,6.877015547e-06,6.768155066e-06,8.846033316e-06,1.157746822e-05,1.281640738e-05,1.270318126e-05,1.369741153e-05,1.761412908e-05,2.306633279e-05,2.623512223e-05,2.422874642e-05,1.766466196e-05,1.01114729e-05,5.170031426e-06,3.924181374e-06,4.734296941e-06,5.134301543e-06,4.049476217e-06,2.626165089e-06,3.178984369e-06,7.138571401e-06,1.360095429e-05,1.968826386e-05,2.256615545e-05,2.157009756e-05,1.868489402e-05,1.694551874e-05,1.810929578e-05,2.156299406e-05,2.526567005e-05,2.767622116e-05,2.866533416e-05,2.895507804e-05,2.808565598e-05,2.481677502e-05,1.735328298e-05,7.867862437e-06,-4.711604716e-07,-3.61041275e-07,2.831170412e-06
F1,-2.785796724e-06,-6.057836354e-06,-8.934547515e-06,-9.400156982e-06,-7.07537839e-06,-3.521792125e-06,-9.724740164e-07,-6.137935682e-07,-1.877976896e-06,-3.289209843e-06,-4.01832011e-06,-4.645934766e-06,-6.360984452e-06,-9.364129334e-06,-1.215618051e-05,-1.263833346e-05,-1.01170799e-05,-6.22556283e-06,-3.698282881e-06,-4.056107306e-06,-6.389263731e-06,-8.336789525e-06,-8.183631848e-06,-6.031421801e-06,-3.172327695e-06,-6.806127177e-07,1.230066941e-06,2.724403265e-06,3.704841787e-06,3.917015441e-06,3.549326463e-06,3.384118959e-06,4.15795031e-06,5.833682273e-06,7.631319599e-06,8.767596743e-06,9.055382342e-06,8.767990377e-06,8.086609688e-06,6.875140327e-06,5.017055187e-06,2.811179454e-06,8.684605987e-07,-4.174142281e-07,-1.245009752e-06,-2.236272208e-06,-3.926837417e-06,-6.410459095e-06,-9.371309291e-06,-1.231715004e-05,-1.472547946e-05,-1.605684941e-05,-1.581205122e-05,-1.375054833e-05,-1.015138541e-05,-5.866745411e-06,-2.029924147e-06,4.629093172e-07,1.396460619e-06,1.339230871e-06,1.36649453e-06,2.601402036e-06,5.830931533e-06,1.130637138e-05,1.867488445e-05,2.700354676e-05,3.499354501e-05,4.14782873e-05,4.603521694e-05,4.926991036e-05,5.243532949e-05,5.655293902e-05,6.165038761e-05,6.666582208e-05,7.004423898e-05,7.057644569e-05,6.798482907e-05,6.303913814e-05,5.724254955e-05,5.222090501e-05,4.902809737e-05,4.770378155e-05,4.738301725e-05,4.690832295e-05,4.548140739e-05,4.286975492e-05,3.914419185e-05,3.43902327e-05,2.878497667e-05,2.292657566e-05,1.792459534e-05,1.494350632e-05,1.444004168e-05,1.568961156e-05,1.703992743e-05,1.682108305e-05,1.436470911e-05,1.043143898e-05,6.65090173e-06,4.26877877e-06,3.14087036e-06,1.893298126e-06,-7.480346776e-07,-4.585113772e-06,-7.845773969e-06,-8.544393948e-06,-6.093305235e-06,-1.731927766e-06,2.455001313e-06,4.860493829e-06,4.937082292e-06,3.015255041e-06,4.294247673e-08,-2.511672908e-06,-3.086209482e-06,-1.044702092e-06,2.472881279e-06,4.99740862e-06,4.478043379e-06,8.728527423e-07,-3.895858831e-06,-7.532299704e-06,-9.003295025e-06,-8.948766225e-06,-8.922216738e-06,-1.02831423e-05,-1.326207528e-05,-1.639088452e-05,-1.682520749e-05,-1.213867335e-05,-2.859936504e-06,6.604955203e-06,1.047584472e-05,6.128677679e-06,-3.463115756e-06,-1.209282394e-05,-1.54435635e-05,-1.390399291e-05,-1.049270869e-05,-6.777656762e-06,-1.787025108e-06,4.989559132e-06,1.071396829e-05,1.077564113e-05,3.714301765e-06,-6.153982423e-06,-1.191775228e-05,-1.002461263e-05,-2.755351319e-06,5.04768744e-06,1.080458812e-05,1.511649997e-05,1.852415653e-05,1.89864451e-05,1.376881964e-05,3.569612691e-06,-6.455816771e-06,-1.064123388e-05,-7.702434941e-06,-1.344126856e-06,3.823960265e-06,6.396248441e-06,8.127842111e-06,1.061407183e-05,1.304867974e-05,1.354141039e-05,1.196979404e-05,1.066233265e-05,1.200686978e-05,1.57255609e-05,1.885727045e-05,1.843355807e-05,1.406265837e-05,8.00000537e-06,2.979533666e-06,1.086715191e-07,-1.306911181e-06,-2.209221539e-06,-2.28096994e-06,-4.973590056e-08,5.450340233e-06,1.307208139e-05,1.972349251e-05,2.247978125e-05,2.089357396e-05,1.734894259e-05,1.503094031e-05,1.537391022e-05,1.73469391e-05,1.903068771e-05,1.962356304e-05,1.979121663e-05,2.018384649e-05,2.024924941e-05,1.820565536e-05,1.329529556e-05,6.065686741e-06,-2.236721385e-07,-3.639434748e-06,-9.690910674e-07,2.080011533e-06
FC5,-1.479031443e-05,-2.043113299e-05,-1.847372319e-05,-8.101793479e-06,4.962692891e-06,1.337408102e-05,1.447086153e-05,1.153869374e-05,9.26267915e-06,8.788878895e-06,7.599165558e-06,3.553550306e-06,-1.996737877e-06,-5.426086558e-06,-4.616937821e-06,-1.054537368e-06,1.59702277e-06,5.053921485e-07,-4.513960423e-06,-1.115949251e-05,-1.588404928e-05,-1.553651655e-05,-9.218656471e-06,5.815628404e-07,9.158790162e-06,1.301236721e-05,1.262359168e-05,1.144909707e-05,1.179122273e-05,1.212031245e-05,9.292967756e-06,3.387521271e-06,-8.380795415e-07,1.497290891e-06,9.385046111e-06,1.554944425e-05,1.29988493e-05,1.937068418e-06,-1.029286824e-05,-1.605013533e-05,-1.366301181e-05,-7.073642852e-06,-6.316791418e-07,4.353394556e-06,8.143312414e-06,9.664486889e-06,6.902889644e-06,8.993248649e-08,-7.1687363e-06,-1.110979757e-05,-1.161486067e-05,-1.159008531e-05,-1.25456568e-05,-1.225832626e-05,-8.034408496e-06,-1.646623578e-06,9.165523237e-07,-4.239259193e-06,-1.355928376e-05,-1.842503148e-05,-1.33713763e-05,-1.290420139e-06,9.97809427e-06,1.560599475e-05,1.749313113e-05,2.039230515e-05,2.579868536e-05,3.071475391e-05,3.192649236e-05,3.009893085e-05,2.904744915e-05,3.165447623e-05,3.724737967e-05,4.259505966e-05,4.446397267e-05,4.117987387e-05,3.313468208e-05,2.319002122e-05,1.626931348e-05,1.669200946e-05,2.442874863e-05,3.421448792e-05,3.959196436e-05,3.8456885e-05,3.42114266e-05,3.113051192e-05,2.926463021e-05,2.49250902e-05,1.61588523e-05,6.466642461e-06,1.94553559e-06,4.873223107e-06,1.104568565e-05,1.38227821e-05,1.026563266e-05,2.959515892e-06,-3.394437473e-06,-5.9714123e-06,-4.521392441e-06,1.786558141e-07,6.889655809e-06,1.309811176e-05,1.543722977e-05,1.240072649e-05,6.464806176e-06,2.339098541e-06,2.536045333e-06,5.135847117e-06,6.377107319e-06,4.950933281e-06,2.847240326e-06,1.984200483e-06,1.155062159e-06,-2.630744958e-06,-9.917772333e-06,-1.689773164e-05,-1.837202297e-05,-1.254385945e-05,-2.732215435e-06,5.375602505e-06,7.959430663e-06,5.198369825e-06,3.238729101e-07,-3.053419985e-06,-3.538612935e-06,-2.928581204e-06,-4.479225697e-06,-9.141724854e-06,-1.317881367e-05,-1.076679373e-05,-5.221058368e-07,1.067113426e-05,1.224228389e-05,6.346525205e-08,-1.813374246e-05,-2.884313183e-05,-2.504119377e-05,-1.195344411e-05,-3.920028291e-07,4.493304893e-06,6.415886177e-06,1.047048036e-05,1.511753687e-05,1.382931821e-05,4.067424183e-06,-8.073615167e-06,-1.370598226e-05,-1.038692346e-05,-3.581118768e-06,7.60278165e-07,2.524384981e-06,4.858658379e-06,7.191322312e-06,4.366511651e-06,-6.017303478e-06,-1.779124142e-05,-2.086564626e-05,-1.208810269e-05,7.641003003e-07,7.418081114e-06,6.382619376e-06,5.619595517e-06,1.183484693e-05,2.144035418e-05,2.422864036e-05,1.544393359e-05,1.961896983e-06,-4.543121839e-06,5.469632483e-07,1.092374565e-05,1.653720193e-05,1.292955415e-05,3.386470151e-06,-5.94474014e-06,-1.102443675e-05,-1.074945199e-05,-5.657916784e-06,2.377762599e-06,1.011883537e-05,1.476619348e-05,1.646913648e-05,1.789670771e-05,2.044020288e-05,2.172329553e-05,1.83717261e-05,1.121800983e-05,6.030373816e-06,7.704410194e-06,1.425531795e-05,1.809664998e-05,1.382042251e-05,3.924014006e-06,-3.984568165e-06,-4.446931243e-06,6.715860672e-07,7.052187763e-06,1.03267356e-05,1.296526328e-05,1.353444404e-05,1.737443964e-05,1.003817761e-05
FC1,-4.311030375e-06,-6.702727245e-06,-8.854472919e-06,-8.621606367e-06,-6.232790497e-06,-3.942761753e-06,-3.623019917e-06,-5.018690645e-06,-6.448154806e-06,-6.89475719e-06,-7.035523287e-06,-8.198867316e-06,-1.063618644e-05,-1.307379227e-05,-1.389261733e-05,-1.255206627e-05,-9.897318496e-06,-7.35484148e-06,-5.970457936e-06,-5.961218269e-06,-6.742370117e-06,-7.231351869e-06,-6.448338362e-06,-4.274643247e-06,-1.741126402e-06,-2.983041293e-07,-5.049508438e-07,-1.419816383e-06,-1.464364573e-06,3.704517077e-08,2.274783852e-06,3.966815598e-06,4.814746247e-06,5.744431298e-06,7.672552294e-06,1.023076826e-05,1.191095241e-05,1.148781455e-05,9.199364904e-06,6.506117195e-06,4.779539855e-06,4.246454653e-06,4.044651775e-06,3.085153741e-06,8.356424758e-07,-2.509352471e-06,-6.362478393e-06,-1.018134954e-05,-1.369267761e-05,-1.678500035e-05,-1.918412031e-05,-2.026519882e-05,-1.934985506e-05,-1.637839853e-05,-1.230491276e-05,-8.640192699e-06,-6.395876992e-06,-5.408303575e-06,-4.714908394e-06,-3.555271895e-06,-1.917486383e-06,-1.365145749e-07,1.834445449e-06,4.557838448e-06,8.542880222e-06,1.371080911e-05,1.946546252e-05,2.512153596e-05,3.014472228e-05,3.419303624e-05,3.735139531e-05,4.045767622e-05,4.475287243e-05,5.055940471e-05,5.613099378e-05,5.834396058e-05,5.526278003e-05,4.827813214e-05,4.13626707e-05,3.775636537e-05,3.727893107e-05,3.705128099e-05,3.48246236e-05,3.127042611e-05,2.878728308e-05,2.835051587e-05,2.81269421e-05,2.546720309e-05,1.996005063e-05,1.406839699e-05,1.071361562e-05,1.057969062e-05,1.194245264e-05,1.273778234e-05,1.224197883e-05,1.077268545e-05,8.5322135e-06,5.50880596e-06,2.397850726e-06,6.999598788e-07,1.149012144e-06,2.221946e-06,1.065591395e-06,-3.495519788e-06,-9.055566447e-06,-1.131193484e-05,-7.971949571e-06,-9.082548298e-07,5.621505981e-06,8.668691617e-06,8.384989919e-06,6.615284593e-06,4.623260602e-06,2.70871454e-06,1.531698085e-06,2.603013611e-06,6.651183411e-06,1.174201568e-05,1.392493907e-05,1.045467108e-05,2.485733089e-06,-5.63016294e-06,-9.884472926e-06,-9.651789491e-06,-7.639263639e-06,-7.226034912e-06,-9.707614215e-06,-1.34126415e-05,-1.490657282e-05,-1.137028503e-05,-2.903147151e-06,6.695686621e-06,1.179390645e-05,8.848448229e-06,-4.966910478e-07,-1.019743537e-05,-1.436752396e-05,-1.166454014e-05,-5.427629598e-06,2.312224112e-07,3.994674225e-06,6.913943084e-06,9.227424205e-06,8.901271449e-06,4.023189549e-06,-3.875460964e-06,-9.970348333e-06,-1.013376298e-05,-4.497129184e-06,3.210580175e-06,9.389954882e-06,1.291823545e-05,1.397355984e-05,1.190223238e-05,5.670719463e-06,-3.488707399e-06,-1.118169553e-05,-1.291927172e-05,-8.28736491e-06,-1.405077185e-06,3.175401941e-06,4.692673244e-06,5.916106709e-06,9.030777242e-06,1.270610639e-05,1.377457233e-05,1.1368819e-05,8.478217344e-06,8.957709976e-06,1.327763718e-05,1.768902875e-05,1.768325141e-05,1.213140482e-05,4.089481589e-06,-2.119426931e-06,-4.433826733e-06,-4.024335538e-06,-3.330956982e-06,-3.386058134e-06,-2.888968086e-06,3.050445997e-07,6.728644726e-06,1.413090225e-05,1.879989738e-05,1.844355191e-05,1.417510493e-05,9.747811897e-06,8.59708765e-06,1.127769552e-05,1.547386302e-05,1.827131844e-05,1.837713953e-05,1.642799334e-05,1.361417532e-05,1.052502289e-05,6.820732529e-06,2.453064063e-06,-2.305433731e-06,-5.595723373e-06,-6.302857814e-06,-2.093247669e-06
T7,-4.539350274e-06,-3.898683565e-06,-2.520127021e-06,-1.340716097e-06,-1.007294253e-06,-1.990872802e-06,-4.110560698e-06,-6.047357295e-06,-6.123152333e-06,-4.082602418e-06,-1.840488707e-06,-1.846672111e-06,-4.456319151e-06,-7.187248608e-06,-6.955739316e-06,-3.183425793e-06,1.369181677e-06,2.939609455e-06,9.15247067e-08,-4.975653049e-06,-8.192751027e-06,-6.875890922e-06,-1.812836541e-06,3.407373814e-06,5.251411658e-06,3.023054345e-06,-7.044637162e-07,-2.423400421e-06,-7.899284498e-07,2.341118445e-06,3.924558044e-06,2.794148717e-06,7.38504394e-07,6.008161136e-07,3.47551216e-06,7.809407138e-06,1.097137676e-05,1.134628529e-05,8.995027349e-06,4.95790273e-06,5.760084008e-07,-2.629378075e-06,-3.315238936e-06,-1.381404055e-06,1.339465097e-06,2.134028065e-06,-3.002092654e-07,-4.628479772e-06,-8.179869545e-06,-9.425370645e-06,-8.920125063e-06,-7.884632972e-06,-6.474226001e-06,-4.026996032e-06,-8.630591127e-07,9.894053787e-07,-4.404717264e-07,-4.602809406e-06,-8.26156456e-06,-8.209152863e-06,-4.198769937e-06,8.839832523e-07,3.685103625e-06,3.175019986e-06,1.080506345e-06,1.733712736e-08,1.346514954e-06,4.478223754e-06,7.740299219e-06,9.808669263e-06,1.064494417e-05,1.137682862e-05,1.318857356e-05,1.603164324e-05,1.837123329e-05,1.849185111e-05,1.630944953e-05,1.378333534e-05,1.319930358e-05,1.48713443e-05,1.665943234e-05,1.595244384e-05,1.220270813e-05,7.529447757e-06,4.905505044e-06,5.732154678e-06,8.867626722e-06,1.157672353e-05,1.138930617e-05,7.671428924e-06,2.19781342e-06,-1.672647855e-06,-1.155854919e-06,3.644101104e-06,9.301558157e-06,1.150124145e-05,8.614632839e-06,3.108471992e-06,-7.482772934e-07,-7.169951603e-07,1.792769766e-06,3.650243487e-06,3.077015012e-06,6.695312738e-07,-2.051370567e-06,-4.237511577e-06,-5.643734513e-06,-5.740017079e-06,-3.896397837e-06,-6.594472387e-07,1.860465487e-06,1.626373636e-06,-1.235506944e-06,-4.354655071e-06,-5.234778308e-06,-3.2291156e-06,5.136331206e-07,4.357283504e-06,6.794474965e-06,6.203125617e-06,1.415673251e-06,-6.427001333e-06,-1.30883716e-05,-1.389486268e-05,-8.269838814e-06,-1.233619832e-06,7.973142233e-07,-3.67768242e-06,-9.490947537e-06,-9.904326456e-06,-3.437324859e-06,4.704238541e-06,7.885891437e-06,4.212675449e-06,-2.558600931e-06,-7.331155845e-06,-7.927507276e-06,-5.378398664e-06,-1.597996927e-06,1.897533529e-06,3.420239985e-06,1.153076364e-06,-4.841221024e-06,-1.107221073e-05,-1.265677395e-05,-7.917892714e-06,-6.215270464e-07,3.243076771e-06,1.185204054e-06,-3.621993094e-06,-5.973048821e-06,-3.895782158e-06,1.023696205e-07,2.50062516e-06,2.379471531e-06,1.216206541e-06,5.979028465e-08,-1.701868385e-06,-4.474574567e-06,-6.514087451e-06,-5.195076259e-06,-3.996183243e-07,4.336698062e-06,4.977458414e-06,1.247482966e-06,-2.847472924e-06,-2.970479968e-06,1.435589581e-06,7.145179771e-06,1.067020721e-05,1.102189608e-05,9.114839487e-06,5.684782313e-06,1.012300802e-06,-3.447611675e-06,-4.672310281e-06,-6.977759432e-07,6.383091632e-06,1.125532383e-05,1.023414483e-05,5.19616823e-06,1.929165283e-06,4.246212613e-06,1.015523346e-05,1.425766039e-05,1.356172843e-05,1.013480044e-05,7.898688667e-06,7.773819807e-06,7.090088763e-06,3.744999849e-06,-3.055424026e-07,-9.151428042e-07,3.37976277e-06,8.645512616e-06,1.017167142e-05,6.312234196e-06,2.182447476e-06,8.754116222e-07,5.364447327e-06,4.659419351e-06
C3,-4.409747009e-06,-8.718843827e-06,-1.143580803e-05,-9.633872898e-06,-4.840263466e-06,-1.21938197e-06,-1.238296585e-06,-3.721705357e-06,-5.920879988e-06,-6.592197407e-06,-6.585832114e-06,-6.999280464e-06,-7.71151844e-06,-7.951336816e-06,-7.620789896e-06,-7.379037648e-06,-7.553461958e-06,-7.622479527e-06,-7.040702135e-06,-6.137767107e-06,-5.688006968e-06,-5.698076466e-06,-5.189815041e-06,-3.46460462e-06,-1.235492306e-06,-1.630084747e-08,-3.855905343e-07,-1.275019758e-06,-1.194751538e-06,1.386589276e-07,1.782096528e-06,3.043278109e-06,4.411872075e-06,6.676969088e-06,9.419433719e-06,1.097460038e-05,1.010999577e-05,7.445858988e-06,4.903827152e-06,3.849014815e-06,4.063586597e-06,4.488642908e-06,4.484749444e-06,4.008978137e-06,2.844541351e-06,3.575987158e-07,-3.622036928e-06,-8.013938586e-06,-1.114577985e-05,-1.23363057e-05,-1.247127356e-05,-1.273119322e-05,-1.29749967e-05,-1.184397029e-05,-8.570329663e-06,-4.295773118e-06,-1.208501605e-06,-4.338834763e-07,-1.093348644e-06,-1.476458064e-06,-7.461377339e-07,8.105247022e-07,2.902331602e-06,5.900282476e-06,1.006589324e-05,1.454871049e-05,1.783675515e-05,1.937838769e-05,2.032559351e-05,2.228032726e-05,2.548998097e-05,2.873499604e-05,3.09901399e-05,3.259051282e-05,3.428662976e-05,3.552484964e-05,3.457781402e-05,3.080336707e-05,2.620314569e-05,2.384105423e-05,2.453403298e-05,2.577548515e-05,2.452236642e-05,2.076180409e-05,1.753650109e-05,1.722387863e-05,1.848972342e-05,1.7690069e-05,1.316615941e-05,7.346261335e-06,4.196507581e-06,5.108276158e-06,7.944923774e-06,9.867571055e-06,1.009445634e-05,9.479560511e-06,8.351009442e-06,6.137696533e-06,3.216015765e-06,1.68314874e-06,2.964434952e-06,5.019191848e-06,3.577387965e-06,-2.850483281e-06,-9.952895662e-06,-1.107488002e-05,-4.13447155e-06,5.762215225e-06,1.133414895e-05,1.028098121e-05,6.556884556e-06,4.78580724e-06,4.954661401e-06,3.739583768e-06,2.22282544e-07,-1.81351818e-06,1.653643623e-06,9.129980661e-06,1.401610414e-05,1.122059655e-05,2.448919984e-06,-5.789592021e-06,-8.857264364e-06,-7.75470266e-06,-6.54852773e-06,-7.485900277e-06,-9.448358591e-06,-1.027162819e-05,-9.007630674e-06,-5.749806768e-06,-8.105603553e-07,4.575071682e-06,7.389051648e-06,4.641975882e-06,-2.96675538e-06,-1.017267454e-05,-1.146046948e-05,-6.506730245e-06,-3.922184737e-07,2.030646128e-06,1.102925688e-06,8.051122948e-07,2.892448619e-06,4.321106763e-06,1.312643968e-06,-5.169806008e-06,-9.665035625e-06,-8.064759233e-06,-1.89082482e-06,4.029419253e-06,7.077014197e-06,8.435106959e-06,9.333488704e-06,7.830922327e-06,1.163324102e-06,-9.205411574e-06,-1.699348643e-05,-1.681098447e-05,-9.740830708e-06,-1.97711371e-06,1.971867299e-06,3.408416187e-06,6.249366289e-06,1.097712985e-05,1.353119411e-05,1.049041164e-05,3.96968503e-06,4.991051175e-08,2.466180554e-06,8.80725232e-06,1.323984789e-05,1.227627213e-05,7.338381619e-06,2.267507729e-06,-5.706955063e-07,-1.515251809e-06,-1.964669115e-06,-2.475266355e-06,-2.385964825e-06,-5.77538134e-07,3.619728889e-06,9.689206262e-06,1.560586568e-05,1.863508123e-05,1.730206878e-05,1.291152852e-05,8.722068303e-06,7.168995964e-06,7.915760428e-06,8.776254989e-06,8.267759242e-06,6.788032216e-06,5.364726064e-06,4.126596032e-06,2.409145278e-06,4.185790118e-07,-8.588588395e-07,-4.003402527e-07,7.356927619e-07,1.953901993e-06,1.265019e-06
Cz,-4.719839175e-06,-6.345683869e-06,-8.523529543e-06,-9.213072911e-06,-7.456293413e-06,-4.255850545e-06,-1.686128694e-06,-1.144921358e-06,-2.432370439e-06,-4.394633968e-06,-6.249582842e-06,-8.140742432e-06,-1.046081043e-05,-1.287677991e-05,-1.427212832e-05,-1.375591046e-05,-1.16788398e-05,-9.529086966e-06,-8.705098605e-06,-9.30358415e-06,-1.006914184e-05,-9.54358361e-06,-7.33832201e-06,-4.395614279e-06,-2.097194983e-06,-1.114602955e-06,-1.013159899e-06,-8.116383768e-07,1.594478352e-07,1.868810737e-06,3.83433207e-06,5.592354933e-06,6.943937145e-06,7.920848974e-06,8.663983199e-06,9.310601241e-06,9.848015648e-06,9.99958706e-06,9.363100489e-06,7.832729125e-06,5.906606973e-06,4.4030833e-06,3.683839417e-06,3.147280336e-06,1.637608383e-06,-1.521775856e-06,-5.894475807e-06,-1.033578406e-05,-1.393853023e-05,-1.646463248e-05,-1.790648328e-05,-1.792586305e-05,-1.6041725e-05,-1.240707533e-05,-8.146498283e-06,-4.663508824e-06,-2.571843691e-06,-1.398878928e-06,-3.169918707e-07,1.008402396e-06,2.375402376e-06,3.645993069e-06,5.092620421e-06,7.094319409e-06,9.729860746e-06,1.286905546e-05,1.650507457e-05,2.063389458e-05,2.473401939e-05,2.779243641e-05,2.935564234e-05,3.053940226e-05,3.338597048e-05,3.862716317e-05,4.41383126e-05,4.625171818e-05,4.316412149e-05,3.701595256e-05,3.216445251e-05,3.112348924e-05,3.233107384e-05,3.211647393e-05,2.873695065e-05,2.41096486e-05,2.144302603e-05,2.150514544e-05,2.168147615e-05,1.878228278e-05,1.24637016e-05,5.672001861e-06,1.921523065e-06,2.425851333e-06,5.708232054e-06,9.324625831e-06,1.147419929e-05,1.132116169e-05,8.818425803e-06,4.958094403e-06,1.846671561e-06,1.458234131e-06,3.606082008e-06,5.449286385e-06,3.864761394e-06,-1.223591839e-06,-6.145484562e-06,-6.613058888e-06,-1.704260081e-06,5.41599337e-06,1.068997763e-05,1.269635835e-05,1.282756378e-05,1.252794371e-05,1.13759601e-05,8.404165034e-06,4.694386568e-06,3.425628074e-06,6.62690803e-06,1.221277453e-05,1.507996162e-05,1.163041167e-05,3.153281532e-06,-5.375557518e-06,-9.682952059e-06,-9.35198036e-06,-7.164350036e-06,-6.120891272e-06,-7.249345223e-06,-9.44898951e-06,-1.040829809e-05,-7.682655032e-06,-1.633265439e-07,1.021031283e-05,1.827941858e-05,1.865284209e-05,1.029348229e-05,-1.66817534e-06,-9.530299276e-06,-9.225981628e-06,-3.15393499e-06,3.111476848e-06,6.478751362e-06,8.226758314e-06,1.057823225e-05,1.26560725e-05,1.103528004e-05,4.339585678e-06,-3.753106544e-06,-7.043914118e-06,-2.435003734e-06,7.314993762e-06,1.632136255e-05,2.044795679e-05,1.93418836e-05,1.464934317e-05,7.716836758e-06,-3.78820819e-07,-7.49770138e-06,-1.070446451e-05,-8.603920578e-06,-2.969339837e-06,2.678737855e-06,6.214552347e-06,8.24715196e-06,1.028948343e-05,1.224576977e-05,1.246037451e-05,1.028016541e-05,7.800131109e-06,8.241713832e-06,1.239344751e-05,1.705112656e-05,1.747659446e-05,1.165661839e-05,2.214932822e-06,-5.814649903e-06,-9.10630475e-06,-8.194034528e-06,-5.979812657e-06,-4.457578067e-06,-2.951175253e-06,6.152675265e-07,6.932259047e-06,1.388377122e-05,1.792946659e-05,1.701341205e-05,1.233822828e-05,7.485886131e-06,5.776319835e-06,8.109477222e-06,1.278015582e-05,1.694869239e-05,1.839296826e-05,1.653624951e-05,1.222049826e-05,7.30603955e-06,2.674880714e-06,-1.065744517e-06,-5.405938118e-06,-8.711407865e-06,-1.129548095e-05,-5.207238407e-06
CP5,-2.333589257e-06,-5.734016871e-06,-9.840166968e-06,-1.173942258e-05,-1.010998623e-05,-6.078753276e-06,-2.347244504e-06,-1.281771341e-06,-3.232902502e-06,-6.328952207e-06,-8.045031246e-06,-7.321577547e-06,-5.317885888e-06,-4.083943354e-06,-4.542091079e-06,-5.849631944e-06,-6.604707221e-06,-6.3222295e-06,-5.557844932e-06,-4.909718297e-06,-4.423340121e-06,-4.065230407e-06,-4.259036037e-06,-5.39340644e-06,-6.856803369e-06,-7.14413629e-06,-5.33892499e-06,-2.311231133e-06,-3.19334315e-09,5.829779459e-07,3.995100314e-07,1.17374253e-06,3.438085905e-06,6.046641939e-06,7.554407751e-06,7.62507076e-06,6.86464718e-06,5.675196331e-06,3.908452265e-06,1.756515989e-06,3.791520161e-07,9.591975851e-07,3.066888029e-06,4.495503527e-06,3.214827346e-06,-5.154537188e-07,-4.28555709e-06,-5.918729074e-06,-5.555409295e-06,-5.220215827e-06,-6.439113879e-06,-8.540105245e-06,-9.373898994e-06,-7.509819402e-06,-3.548547381e-06,5.934562018e-07,3.355359745e-06,4.369141479e-06,3.988217775e-06,2.577673559e-06,6.022241481e-07,-8.37359581e-07,-2.184293116e-07,3.103292729e-06,7.776993002e-06,1.109368799e-05,1.125486935e-05,9.178446292e-06,7.850280651e-06,9.625009064e-06,1.410230395e-05,1.869627888e-05,2.117079758e-05,2.138097524e-05,2.057214431e-05,1.951768623e-05,1.796254699e-05,1.585940717e-05,1.433006754e-05,1.458197063e-05,1.595463444e-05,1.596154796e-05,1.30022547e-05,8.75368997e-06,6.93367855e-06,9.208109581e-06,1.2809519e-05,1.300608654e-05,8.082255463e-06,1.359878389e-06,-2.054309609e-06,-2.089748746e-07,4.355271076e-06,7.792734354e-06,8.567566095e-06,7.672088384e-06,6.287983048e-06,4.549946314e-06,2.692892926e-06,2.033160286e-06,3.493473184e-06,5.421168842e-06,4.391696575e-06,-8.31879459e-07,-6.744112363e-06,-7.814341237e-06,-2.204640153e-06,5.943484336e-06,1.058977376e-05,9.781448951e-06,6.786457783e-06,5.436810344e-06,5.645658945e-06,4.522120697e-06,1.253843586e-06,-8.951478124e-07,1.591647203e-06,7.48052375e-06,1.110261196e-05,8.152070221e-06,3.918042476e-07,-6.167896376e-06,-7.473187892e-06,-5.023618026e-06,-3.303458345e-06,-4.608403017e-06,-7.133672696e-06,-7.664681966e-06,-5.021561605e-06,-5.759643358e-07,3.623106623e-06,6.206879518e-06,6.327045823e-06,3.57292973e-06,-1.076823572e-06,-4.8535325e-06,-5.06654291e-06,-1.866745473e-06,1.514976709e-06,2.022869555e-06,1.11385614e-07,-8.615517985e-07,1.284571686e-06,4.75697486e-06,5.68731753e-06,2.579374349e-06,-1.872483393e-06,-3.613410362e-06,-1.305990471e-06,2.862647067e-06,5.943549781e-06,6.814411423e-06,5.843238639e-06,3.100292145e-06,-1.727688473e-06,-7.495888464e-06,-1.091792174e-05,-9.042334284e-06,-2.553855038e-06,4.263255095e-06,7.515360075e-06,7.395601239e-06,7.307540594e-06,9.377720261e-06,1.168767759e-05,1.064528436e-05,5.788310599e-06,1.206941473e-06,1.53507221e-06,6.81859025e-06,1.209175206e-05,1.231664878e-05,7.360938811e-06,1.732886077e-06,-3.071860588e-07,1.304582091e-06,3.477534095e-06,4.151456916e-06,4.470849318e-06,6.68810698e-06,1.082912492e-05,1.441731231e-05,1.546446017e-05,1.475639271e-05,1.443379324e-05,1.475892743e-05,1.349465361e-05,9.072317418e-06,3.602937674e-06,1.417886441e-06,4.18335133e-06,8.332126567e-06,8.439371357e-06,3.210764151e-06,-2.758105606e-06,-3.884757056e-06,3.63151806e-07,4.958513272e-06,5.295442741e-06,2.023957006e-06,3.353001252e-08
CP1,-5.476388067e-06,-7.079630383e-06,-9.420340099e-06,-1.088540053e-05,-1.022202841e-05,-7.601317908e-06,-4.535921305e-06,-2.731035934e-06,-2.863204863e-06,-4.293585934e-06,-5.845338789e-06,-6.840087303e-06,-7.450220331e-06,-8.162945981e-06,-9.028623617e-06,-9.519771453e-06,-9.134542877e-06,-8.062248201e-06,-7.143124079e-06,-7.099231471e-06,-7.80831757e-06,-8.384999809e-06,-8.008786509e-06,-6.663104373e-06,-5.051883769e-06,-3.824646151e-06,-2.948411224e-06,-1.863680048e-06,-1.989761211e-07,1.764063069e-06,3.372642877e-06,4.294352208e-06,4.847186228e-06,5.611710037e-06,6.748045626e-06,7.741438743e-06,7.839321984e-06,6.750544926e-06,4.951545156e-06,3.340384082e-06,2.557650757e-06,2.525614818e-06,2.524340371e-06,1.699500913e-06,-3.852174884e-07,-3.51923134e-06,-7.048526984e-06,-1.031040425e-05,-1.295012169e-05,-1.490341488e-05,-1.613367866e-05,-1.642495583e-05,-1.545297464e-05,-1.307311194e-05,-9.571994009e-06,-5.685755974e-06,-2.368714529e-06,-4.046958966e-07,1.468379259e-08,-4.65778079e-07,-5.782831989e-07,8.205783418e-07,3.896800156e-06,7.630391972e-06,1.059729961e-05,1.214710407e-05,1.286078756e-05,1.380405863e-05,1.53687972e-05,1.70103546e-05,1.821074553e-05,1.950178043e-05,2.213452831e-05,2.648110402e-05,3.091827034e-05,3.275113515e-05,3.061417975e-05,2.597339267e-05,2.200348217e-05,2.076310179e-05,2.146201888e-05,2.157928361e-05,1.963645687e-05,1.669338048e-05,1.502224476e-05,1.544994082e-05,1.626726011e-05,1.489134478e-05,1.053609895e-05,5.149804867e-06,1.75547996e-06,1.924564774e-06,4.714130541e-06,7.687217596e-06,8.725881724e-06,7.138440531e-06,3.721252743e-06,2.535593297e-07,-1.32948956e-06,-1.306174897e-07,2.681898318e-06,4.223513705e-06,2.082251987e-06,-3.216279175e-06,-8.018420706e-06,-8.367927474e-06,-3.427925907e-06,3.875887278e-06,9.636015371e-06,1.22053741e-05,1.259158596e-05,1.211166049e-05,1.057889295e-05,7.35151281e-06,3.65024737e-06,2.583754477e-06,6.020933115e-06,1.169785136e-05,1.43801813e-05,1.054584193e-05,1.851470216e-06,-6.340731625e-06,-9.851831803e-06,-8.948630101e-06,-7.029852866e-06,-6.782890263e-06,-7.998511731e-06,-8.611982607e-06,-6.918885664e-06,-2.548309616e-06,3.784719134e-06,1.034504484e-05,1.423668783e-05,1.253380856e-05,4.875169973e-06,-4.997223884e-06,-1.131159324e-05,-1.08046188e-05,-5.301850021e-06,4.907330863e-07,3.648332269e-06,5.064550175e-06,6.920156091e-06,9.029881522e-06,8.69441475e-06,4.264880844e-06,-1.984224758e-06,-5.314679137e-06,-2.863461669e-06,3.826616432e-06,1.04815379e-05,1.366715233e-05,1.248033163e-05,7.565066809e-06,-1.569425352e-07,-9.17391691e-06,-1.658725723e-05,-1.901389271e-05,-1.507349506e-05,-6.82925065e-06,1.692856607e-06,7.546043589e-06,1.040132475e-05,1.140184943e-05,1.121946362e-05,9.73582614e-06,7.366461207e-06,5.857401281e-06,7.076266123e-06,1.090378456e-05,1.463536451e-05,1.483684508e-05,1.008095277e-05,2.126078603e-06,-5.403006216e-06,-9.576021949e-06,-9.831537182e-06,-7.612660032e-06,-4.586046718e-06,-1.158113311e-06,3.400120588e-06,9.454174933e-06,1.572145172e-05,1.966048689e-05,1.937203603e-05,1.528543315e-05,1.002613802e-05,6.577841774e-06,6.363300377e-06,8.677550469e-06,1.148493063e-05,1.263146852e-05,1.081860671e-05,6.080143566e-06,9.640230573e-08,-5.06650836e-06,-7.628992355e-06,-8.307722448e-06,-7.530146877e-06,-7.055674642e-06,-2.954538158e-06
P7,-8.229012855e-07,-3.267126309e-06,-5.154944557e-06,-6.371860962e-06,-6.874731633e-06,-6.60749593e-06,-5.763975269e-06,-4.874139874e-06,-4.400966207e-06,-4.292759138e-06,-4.114917098e-06,-3.636474158e-06,-3.075302848e-06,-2.623074992e-06,-1.919141419e-06,-3.683316808e-07,1.879055145e-06,3.535218847e-06,3.157748586e-06,6.484689314e-07,-2.424522276e-06,-4.206541507e-06,-4.238644168e-06,-3.652294717e-06,-3.754302209e-06,-4.651464471e-06,-5.377612055e-06,-5.152875604e-06,-4.179453341e-06,-3.143615804e-06,-2.245866533e-06,-1.040214837e-06,8.075370941e-07,2.911013154e-06,4.473104542e-06,5.034589311e-06,4.693705093e-06,3.67934084e-06,2.075693634e-06,1.673251297e-07,-1.215912994e-06,-1.198602519e-06,8.638250883e-08,1.213159906e-06,6.479454352e-07,-1.652235266e-06,-4.026635184e-06,-4.703179662e-06,-3.570484945e-06,-2.203072404e-06,-2.103808652e-06,-3.088985862e-06,-3.546043026e-06,-2.205942913e-06,5.124852101e-07,2.916636755e-06,3.602345838e-06,2.514541655e-06,6.758141125e-07,-7.867176849e-07,-1.260721448e-06,-6.377522247e-07,8.550903486e-07,2.669094473e-06,4.04973439e-06,4.503756279e-06,4.261366769e-06,4.121030854e-06,4.695569051e-06,5.866857894e-06,7.099329024e-06,8.209354218e-06,9.540267619e-06,1.119922037e-05,1.232253031e-05,1.15652573e-05,8.627977858e-06,5.147888123e-06,3.606561368e-06,4.995232801e-06,7.601967783e-06,8.431245607e-06,6.080403828e-06,2.209887335e-06,2.190930377e-08,1.202582658e-06,4.379909284e-06,6.577605107e-06,6.082368757e-06,3.841952475e-06,2.220640448e-06,2.644797493e-06,4.493616342e-06,5.965323838e-06,5.668434996e-06,3.441343721e-06,1.599941187e-07,-2.78512469e-06,-3.993853882e-06,-2.775670343e-06,5.520709137e-08,2.261141325e-06,1.765493085e-06,-1.315814776e-06,-4.329328412e-06,-4.244522268e-06,-4.409681783e-07,4.738546944e-06,8.314894505e-06,9.396637281e-06,9.400421693e-06,9.766989842e-06,1.00434853e-05,8.638490947e-06,5.231259241e-06,1.748225546e-06,5.301831781e-07,1.738708756e-06,3.046494774e-06,2.032718156e-06,-1.379077338e-06,-5.031407596e-06,-6.812525992e-06,-6.46595579e-06,-5.214314094e-06,-4.115187543e-06,-3.170517518e-06,-1.827596522e-06,2.120760469e-07,2.872247045e-06,5.930474029e-06,8.814995971e-06,1.023517709e-05,8.704340059e-06,4.054966666e-06,-1.606887744e-06,-5.039722356e-06,-4.476456465e-06,-1.195880825e-06,1.671076834e-06,2.013505282e-06,4.519368044e-07,-6.930839742e-07,8.146299346e-08,2.06511685e-06,3.288042155e-06,2.643106451e-06,1.034190968e-06,5.604184057e-07,2.587774069e-06,6.40533372e-06,9.56118467e-06,9.630373436e-06,6.081584474e-06,7.801307946e-07,-3.341759631e-06,-4.417877134e-06,-2.800118929e-06,-2.934109217e-07,1.656329979e-06,2.986233001e-06,4.370355046e-06,5.879437542e-06,6.605215805e-06,5.679129206e-06,3.461153639e-06,1.515171218e-06,1.384746837e-06,3.413031553e-06,6.60017481e-06,9.339027623e-06,1.026903533e-05,8.838342266e-06,5.588693362e-06,2.045529146e-06,-5.05033774e-08,9.90838961e-08,1.785740456e-06,3.519541096e-06,4.426985499e-06,4.86758306e-06,5.654418989e-06,6.884901679e-06,7.792521439e-06,7.696963593e-06,6.78627617e-06,5.818631008e-06,5.303590219e-06,5.268357294e-06,5.670426823e-06,6.511283587e-06,7.298037329e-06,6.827012373e-06,4.210318275e-06,2.346269323e-07,-2.721097818e-06,-2.859570776e-06,-6.858159461e-07,1.306696495e-06,1.639884389e-06,5.352919098e-07
P3,-3.016626245e-06,-4.226217455e-06,-6.984328859e-06,-9.88808864e-06,-1.076193633e-05,-8.5482834e-06,-4.512495457e-06,-1.313807825e-06,-6.508416595e-07,-1.866085905e-06,-2.969007761e-06,-2.875221247e-06,-2.335646822e-06,-2.643233255e-06,-3.840210771e-06,-4.63164298e-06,-4.028415181e-06,-2.636188325e-06,-2.032767261e-06,-3.055156439e-06,-5.041232308e-06,-6.742120994e-06,-7.589964883e-06,-7.828293189e-06,-7.687098207e-06,-6.95306285e-06,-5.492948357e-06,-3.807063642e-06,-2.637507474e-06,-2.063081957e-06,-1.347877133e-06,1.463262218e-07,2.136004653e-06,3.761881947e-06,4.624102431e-06,5.089883771e-06,5.465361647e-06,5.247927357e-06,3.666754211e-06,9.638014725e-07,-1.324167248e-06,-1.750865148e-06,-5.658250227e-07,3.774427589e-07,-5.628054353e-07,-3.243815632e-06,-6.069970846e-06,-7.702569179e-06,-8.197397226e-06,-8.518676414e-06,-9.281070226e-06,-1.017442855e-05,-1.040315977e-05,-9.322717656e-06,-6.660033604e-06,-2.593617186e-06,1.952884535e-06,5.265149803e-06,5.76222739e-06,3.510760637e-06,7.516934855e-07,3.906847951e-07,3.506828235e-06,8.287142461e-06,1.160663834e-05,1.180982977e-05,9.988395121e-06,8.616991092e-06,9.115314182e-06,1.084335356e-05,1.23172218e-05,1.304940913e-05,1.39346134e-05,1.58828243e-05,1.838067957e-05,1.970584449e-05,1.865869355e-05,1.596105421e-05,1.374016074e-05,1.349740425e-05,1.460720492e-05,1.495282794e-05,1.314783906e-05,1.008935269e-05,8.163722178e-06,8.806033271e-06,1.088530116e-05,1.163932221e-05,9.307943826e-06,4.876007768e-06,1.246319931e-06,7.203185394e-07,3.179322776e-06,6.422431119e-06,7.99425508e-06,6.798024793e-06,3.516881505e-06,4.332342105e-08,-1.559297937e-06,-2.806463103e-07,2.893834297e-06,5.254664957e-06,4.309530589e-06,1.640625183e-07,-3.987336256e-06,-4.259154647e-06,5.615387151e-07,7.925439109e-06,1.381327948e-05,1.604595348e-05,1.534396213e-05,1.357116235e-05,1.168182739e-05,9.712085545e-06,8.166392213e-06,8.292854916e-06,1.043536291e-05,1.262490139e-05,1.176548862e-05,6.64635669e-06,-5.47416169e-07,-6.132348076e-06,-8.255265832e-06,-8.043998237e-06,-7.599517457e-06,-7.484362408e-06,-6.595424163e-06,-4.090209291e-06,-5.947115221e-07,2.744288278e-06,5.706375649e-06,8.672911591e-06,1.093730596e-05,1.032700315e-05,5.381476654e-06,-2.189073209e-06,-8.033572762e-06,-8.747075296e-06,-4.871941864e-06,-4.630955129e-08,2.742496171e-06,3.680487291e-06,4.883889942e-06,7.212780728e-06,8.989977212e-06,8.005783184e-06,4.344858042e-06,7.807375497e-07,3.374396016e-07,3.608771759e-06,8.356914539e-06,1.136500921e-05,1.056220023e-05,5.848867656e-06,-1.308217962e-06,-8.620406738e-06,-1.363709654e-05,-1.448799782e-05,-1.069547193e-05,-3.540860992e-06,4.464880051e-06,1.076706825e-05,1.384527677e-05,1.359429773e-05,1.101401879e-05,7.6078937e-06,4.848218805e-06,3.804590656e-06,4.864302894e-06,7.513202026e-06,1.032859513e-05,1.144701686e-05,9.545833417e-06,4.845762153e-06,-7.01855958e-07,-4.458062386e-06,-4.745143475e-06,-1.806333928e-06,2.684777598e-06,7.008376085e-06,1.037809669e-05,1.282266154e-05,1.445702456e-05,1.505261695e-05,1.419995095e-05,1.169439224e-05,7.832656091e-06,3.636039959e-06,8.46522802e-07,1.184494327e-06,4.8425685e-06,9.447188816e-06,1.109573888e-05,7.259055879e-06,-7.0163961e-07,-8.498269188e-06,-1.202831912e-05,-1.099760864e-05,-7.498508348e-06,-4.716361167e-06,-1.588024699e-06
Pz,-5.605994187e-06,-7.622080292e-06,-9.780318542e-06,-1.122568236e-05,-1.095451389e-05,-8.531188084e-06,-4.666756654e-06,-1.052418198e-06,6.184334074e-07,-2.598549939e-07,-2.891405842e-06,-5.759851714e-06,-7.647828103e-06,-8.163759887e-06,-7.590357937e-06,-6.517915602e-06,-5.66104638e-06,-5.730036472e-06,-7.076720998e-06,-9.300705928e-06,-1.136179591e-05,-1.2323297e-05,-1.205924754e-05,-1.116256732e-05,-1.016715001e-05,-9.011524479e-06,-7.356795747e-06,-5.265217424e-06,-3.274112611e-06,-1.721674964e-06,-2.484322636e-07,1.743145401e-06,4.153051918e-06,6.000998888e-06,6.372642106e-06,5.413666243e-06,4.130980462e-06,3.219787532e-06,2.392411561e-06,1.059770054e-06,-5.669687569e-07,-1.519987683e-06,-1.378653646e-06,-1.193346759e-06,-2.65260859e-06,-6.235578461e-06,-1.047569928e-05,-1.329812762e-05,-1.398781573e-05,-1.359883548e-05,-1.344201701e-05,-1.348760995e-05,-1.249193446e-05,-9.556076829e-06,-5.252859792e-06,-1.169102688e-06,1.410606532e-06,2.2454789e-06,1.905427721e-06,1.285056976e-06,1.381532859e-06,2.993379565e-06,6.043440913e-06,9.200772446e-06,1.072332875e-05,1.012135927e-05,8.865816075e-06,9.031472031e-06,1.113269998e-05,1.364914055e-05,1.497712687e-05,1.55752877e-05,1.75508982e-05,2.185609571e-05,2.635360323e-05,2.740583266e-05,2.366647406e-05,1.79198282e-05,1.463182962e-05,1.555926163e-05,1.806615951e-05,1.799422047e-05,1.404736702e-05,9.062136794e-06,6.942337477e-06,8.621836091e-06,1.123968279e-05,1.113813659e-05,7.402640015e-06,2.493353953e-06,-2.237166375e-07,6.724652212e-07,3.906654127e-06,6.886296947e-06,7.525510085e-06,5.231110944e-06,1.020516947e-06,-2.888025172e-06,-4.104547698e-06,-1.682333665e-06,2.718785108e-06,5.582209232e-06,4.24335069e-06,-5.934440968e-07,-5.071610626e-06,-5.287141374e-06,-5.062428546e-07,6.5162839e-06,1.221870159e-05,1.504595824e-05,1.573226215e-05,1.540747235e-05,1.416593384e-05,1.172146396e-05,8.888220962e-06,7.501647399e-06,8.434632975e-06,1.001935582e-05,9.078743919e-06,3.868668467e-06,-4.061604402e-06,-1.103686463e-05,-1.422277796e-05,-1.34831864e-05,-1.072145799e-05,-7.929574323e-06,-5.935974399e-06,-4.41780948e-06,-2.393813939e-06,1.292234488e-06,7.136019235e-06,1.382362627e-05,1.806827268e-05,1.660435301e-05,9.23880925e-06,-8.139480533e-08,-5.938200233e-06,-5.781614641e-06,-1.718728531e-06,2.0963407e-06,3.6901064e-06,4.608709109e-06,7.13610329e-06,1.080571502e-05,1.236312884e-05,9.353792916e-06,3.347199407e-06,-8.727318107e-07,5.047131614e-07,6.897690812e-06,1.385637391e-05,1.667919299e-05,1.359242504e-05,6.062475813e-06,-3.099185266e-06,-1.151451202e-05,-1.758613725e-05,-2.005035177e-05,-1.800779203e-05,-1.168101618e-05,-2.957430186e-06,5.199411907e-06,1.027367146e-05,1.149958273e-05,9.954720592e-06,7.537491645e-06,5.817343005e-06,5.586185302e-06,6.992852205e-06,9.553390432e-06,1.184049175e-05,1.161065397e-05,7.099278251e-06,-1.166637644e-06,-9.904019847e-06,-1.504524747e-05,-1.477437566e-05,-1.075736161e-05,-6.223099882e-06,-2.815385598e-06,4.75975543e-07,5.269028359e-06,1.108939204e-05,1.518776012e-05,1.512295959e-05,1.123237877e-05,6.379655212e-06,3.499483927e-06,3.622566646e-06,5.947804635e-06,8.994695358e-06,1.120005622e-05,1.100607354e-05,7.1757065e-06,4.68314841e-07,-7.163203016e-06,-1.237611826e-05,-1.525105646e-05,-1.476958986e-05,-1.438597812e-05,-6.35498576e-06
POz,-5.543681443e-06,-8.52702137e-06,-1.174082184e-05,-1.44498212e-05,-1.5074176e-05,-1.264719781e-05,-7.984824847e-06,-3.267001145e-06,-4.324321446e-07,3.713891954e-08,-1.040662979e-06,-2.559265332e-06,-3.810242528e-06,-4.41912718e-06,-4.122149783e-06,-2.981960631e-06,-1.776198842e-06,-1.804903894e-06,-3.963545885e-06,-7.895187823e-06,-1.212945168e-05,-1.51447536e-05,-1.634597825e-05,-1.610460921e-05,-1.504486213e-05,-1.346256645e-05,-1.140236097e-05,-9.042390189e-06,-6.744524556e-06,-4.69798393e-06,-2.702221949e-06,-4.773924334e-07,1.828777583e-06,3.585777551e-06,4.190934199e-06,3.547650243e-06,1.968093267e-06,-2.632545187e-07,-2.972223354e-06,-5.678022256e-06,-7.400881582e-06,-7.348364266e-06,-5.983843746e-06,-5.137320588e-06,-6.578228316e-06,-1.023296999e-05,-1.395199258e-05,-1.531846131e-05,-1.380908877e-05,-1.112437754e-05,-9.374519175e-06,-9.037140946e-06,-8.741972456e-06,-6.905924609e-06,-3.379590168e-06,4.632167712e-07,2.95525643e-06,3.299054223e-06,1.832477275e-06,-3.093807275e-07,-1.637475094e-06,-9.228901131e-07,1.917353667e-06,5.346281233e-06,7.091058533e-06,6.09265084e-06,3.680154864e-06,2.464288651e-06,3.830712534e-06,6.704761823e-06,9.028152696e-06,1.023558607e-05,1.169622751e-05,1.447175623e-05,1.717960169e-05,1.694794561e-05,1.279820051e-05,7.518377936e-06,5.372927144e-06,7.722342434e-06,1.136391713e-05,1.170470937e-05,7.561390675e-06,2.457726499e-06,1.022982945e-06,4.33653566e-06,9.029685317e-06,1.078520324e-05,8.367157447e-06,4.253467345e-06,1.846697579e-06,2.48112738e-06,4.853284232e-06,6.564670072e-06,5.803886324e-06,2.077357708e-06,-3.654416604e-06,-9.083682234e-06,-1.140509789e-05,-9.153735871e-06,-3.769511532e-06,9.947680269e-07,1.951167249e-06,-7.846161904e-07,-3.901357232e-06,-3.848163725e-06,2.364926245e-07,6.326011609e-06,1.175692076e-05,1.527926315e-05,1.704311355e-05,1.733648508e-05,1.610573182e-05,1.375931554e-05,1.17110459e-05,1.132247224e-05,1.21380771e-05,1.164407862e-05,7.328526602e-06,-8.339273462e-07,-1.002364994e-05,-1.671696188e-05,-1.916391996e-05,-1.797320881e-05,-1.480860787e-05,-1.09710567e-05,-7.096179271e-06,-3.488663883e-06,-1.110339928e-07,3.636020978e-06,8.386318296e-06,1.35299853e-05,1.672110834e-05,1.545518544e-05,9.681428222e-06,2.681939736e-06,-1.240527546e-06,-3.684567583e-07,3.114245447e-06,5.522504928e-06,5.342956067e-06,4.374049048e-06,5.252754742e-06,8.165490703e-06,1.037189613e-05,9.104419846e-06,4.784981055e-06,1.137702869e-06,1.936798161e-06,7.468312101e-06,1.40002223e-05,1.665983387e-05,1.308127938e-05,4.796611656e-06,-4.37398933e-06,-1.110755161e-05,-1.415088006e-05,-1.389198674e-05,-1.108381709e-05,-6.288049114e-06,-3.519540035e-07,5.134154432e-06,8.398466718e-06,8.733136359e-06,7.10255534e-06,5.371775395e-06,4.90359017e-06,5.885572746e-06,7.763417666e-06,9.858671756e-06,1.132273917e-05,1.087421095e-05,7.394389448e-06,1.312625965e-06,-4.825392749e-06,-7.868573361e-06,-6.619818848e-06,-2.837818587e-06,5.587126913e-07,2.276268149e-06,3.444167273e-06,5.697738182e-06,8.903827432e-06,1.114520245e-05,1.078785888e-05,8.103314022e-06,4.778225025e-06,2.334542897e-06,1.449873595e-06,2.419085516e-06,5.275631186e-06,8.92237167e-06,1.086941279e-05,8.519354612e-06,2.341366202e-06,-5.173534102e-06,-9.810309522e-06,-1.237656664e-05,-1.231179092e-05,-1.454096765e-05,-7.766546056e-06
O1,-1.138969071e-06,-5.084778771e-06,-8.999932336e-06,-1.212344215e-05,-1.330491255e-05,-1.188367806e-05,-8.516356552e-06,-4.911906467e-06,-2.533599879e-06,-1.522433264e-06,-9.312302965e-07,6.617899124e-08,1.370458727e-06,2.362560772e-06,2.831526115e-06,3.156857755e-06,3.517814103e-06,3.238317654e-06,1.284691902e-06,-2.521083351e-06,-7.007452592e-06,-1.055207446e-05,-1.241600259e-05,-1.306038733e-05,-1.3235825e-05,-1.305187058e-05,-1.209706018e-05,-1.02528589e-05,-8.010037088e-06,-5.883261419e-06,-3.805104747e-06,-1.414322849e-06,1.110481582e-06,2.850738128e-06,2.980910867e-06,1.641618809e-06,-2.58861672e-07,-2.042676174e-06,-3.732095889e-06,-5.407853343e-06,-6.473779499e-06,-6.096682856e-06,-4.486237942e-06,-3.277973605e-06,-4.113068578e-06,-6.775873315e-06,-9.110983687e-06,-9.08287248e-06,-6.823396389e-06,-4.39771987e-06,-3.558506934e-06,-3.994711713e-06,-3.908456863e-06,-2.063618561e-06,1.030942895e-06,3.844287312e-06,5.266161087e-06,5.147039322e-06,3.845202507e-06,1.886341631e-06,1.782481697e-07,-6.086223271e-08,1.702351883e-06,4.333727191e-06,5.617934664e-06,4.343245183e-06,1.745953732e-06,4.746099039e-07,1.956040279e-06,5.034920325e-06,7.432153369e-06,8.299907336e-06,8.842444274e-06,1.0313289e-05,1.194573652e-05,1.155485506e-05,8.310370068e-06,4.356933852e-06,3.037177522e-06,5.365032528e-06,8.627892733e-06,8.884845712e-06,4.930353767e-06,-3.638517334e-07,-2.722516314e-06,-4.470418327e-07,4.191907453e-06,7.273634727e-06,6.755389346e-06,3.884653252e-06,1.580978386e-06,1.716317987e-06,3.767257819e-06,5.573510492e-06,5.081692869e-06,1.647193453e-06,-3.645766086e-06,-8.470619134e-06,-1.034633097e-05,-8.097362181e-06,-2.932146639e-06,1.95988002e-06,3.550497753e-06,1.405631311e-06,-1.799772111e-06,-2.441372771e-06,1.023582613e-06,6.945076693e-06,1.222968827e-05,1.503914109e-05,1.575241724e-05,1.562187911e-05,1.508335383e-05,1.371897881e-05,1.154308113e-05,9.558955762e-06,8.589080188e-06,7.835959187e-06,5.273469553e-06,-1.801861857e-07,-7.091398836e-06,-1.246311401e-05,-1.42969249e-05,-1.303757002e-05,-1.054366597e-05,-8.041217467e-06,-5.377872405e-06,-1.993303807e-06,2.023672202e-06,6.079931459e-06,9.776904061e-06,1.282087668e-05,1.428156875e-05,1.273513815e-05,7.860226915e-06,1.766629309e-06,-2.056286009e-06,-1.717756037e-06,1.229851977e-06,3.338520507e-06,2.782187987e-06,1.075928215e-06,1.116468864e-06,3.74807148e-06,6.677972317e-06,6.915324438e-06,4.053714448e-06,9.155675484e-07,9.63100997e-07,5.111959943e-06,1.088297347e-05,1.437320337e-05,1.31100804e-05,7.558288738e-06,5.077251861e-07,-4.86048273e-06,-6.799305324e-06,-5.603823209e-06,-2.807494186e-06,2.052180578e-07,2.937496345e-06,5.35521372e-06,7.060746487e-06,7.267792534e-06,5.751619178e-06,3.603039604e-06,2.660972636e-06,4.008320656e-06,7.071314891e-06,1.020142809e-05,1.196387887e-05,1.178012703e-05,9.676525336e-06,6.048022184e-06,1.955401583e-06,-7.894530505e-07,-6.165758512e-07,2.333557176e-06,5.973427627e-06,7.934349305e-06,7.615684885e-06,6.472703425e-06,6.269722148e-06,7.236791095e-06,8.02230676e-06,7.241430058e-06,4.852546562e-06,2.163628157e-06,8.434102837e-07,1.908726668e-06,5.102073299e-06,8.710432579e-06,1.025079013e-05,7.95715163e-06,2.741163276e-06,-2.70312991e-06,-5.220381077e-06,-5.412797794e-06,-4.408554807e-06,-5.653617508e-06,-3.446743547e-06
FP2,-3.932982309e-07,-1.110985356e-06,-1.071645648e-06,1.21295102e-06,5.18683848e-06,7.796629703e-06,6.018512504e-06,7.747115069e-08,-6.19530838e-06,-8.6401439e-06,-6.533005487e-06,-3.05144353e-06,-2.086215877e-06,-4.737239244e-06,-8.828344508e-06,-1.140302512e-05,-1.13294411e-05,-9.669237876e-06,-8.144192843e-06,-7.635949349e-06,-7.887531324e-06,-8.046380202e-06,-7.301470253e-06,-5.427065897e-06,-3.18779541e-06,-2.096034403e-06,-3.188954997e-06,-5.731196996e-06,-7.475205633e-06,-6.758489578e-06,-4.396698263e-06,-3.022896935e-06,-4.220440353e-06,-6.596630487e-06,-7.226583465e-06,-5.031336412e-06,-2.152172738e-06,-1.553951168e-06,-3.620652278e-06,-5.897400805e-06,-6.407111406e-06,-6.476386628e-06,-9.362637301e-06,-1.603854374e-05,-2.319203228e-05,-2.616269651e-05,-2.373822663e-05,-1.940029065e-05,-1.760910952e-05,-1.933411039e-05,-2.166958839e-05,-2.148546435e-05,-1.862108328e-05,-1.521651226e-05,-1.260571546e-05,-9.758319625e-06,-4.835082532e-06,2.466944982e-06,1.063809692e-05,1.806662761e-05,2.438806727e-05,3.018810257e-05,3.615889949e-05,4.308726603e-05,5.219433373e-05,6.446022749e-05,7.91911958e-05,9.38304194e-05,0.0001059822005,0.0001157364434,0.0001255083719,0.0001373195269,0.0001505284068,0.000162514594,0.0001712465896,0.0001765514719,0.0001789043334,0.0001779334306,0.0001730630186,0.0001654850936,0.0001583873604,0.0001543391075,0.0001525766696,0.0001495706201,0.0001425656986,0.0001322173419,0.0001214685266,0.0001122082509,0.0001036731146,9.419805442e-05,8.386949055e-05,7.48055897e-05,6.887588213e-05,6.566002446e-05,6.287981744e-05,5.853937713e-05,5.235231164e-05,4.531002142e-05,3.839021286e-05,3.186342557e-05,2.548306228e-05,1.894112304e-05,1.220044638e-05,5.748039987e-06,6.274471854e-07,-2.116247756e-06,-2.391471391e-06,-1.456572987e-06,-1.104563458e-06,-2.311208246e-06,-4.711158661e-06,-7.33069671e-06,-9.560099555e-06,-1.126493428e-05,-1.225068989e-05,-1.213951488e-05,-1.096423371e-05,-9.592709395e-06,-9.228201335e-06,-1.049234786e-05,-1.314333478e-05,-1.655070521e-05,-2.009457674e-05,-2.312139398e-05,-2.509641974e-05,-2.626863502e-05,-2.778379292e-05,-3.019527128e-05,-3.16097929e-05,-2.836562868e-05,-1.894666504e-05,-7.385281209e-06,-1.417088379e-06,-5.767737311e-06,-1.709614695e-05,-2.653075816e-05,-2.78508518e-05,-2.280947653e-05,-1.796965056e-05,-1.699205452e-05,-1.742812443e-05,-1.543804639e-05,-1.210365367e-05,-1.30238273e-05,-2.122794758e-05,-3.197416973e-05,-3.615476442e-05,-2.891029738e-05,-1.38976182e-05,1.190323818e-06,1.218903339e-05,2.057791612e-05,2.885819015e-05,3.59078291e-05,3.815971156e-05,3.45387802e-05,2.845252488e-05,2.426995624e-05,2.284158676e-05,2.156812404e-05,1.850536992e-05,1.502190109e-05,1.380685933e-05,1.520677044e-05,1.684587617e-05,1.695540685e-05,1.692712741e-05,1.963190621e-05,2.550444163e-05,3.123276489e-05,3.268288475e-05,2.868236644e-05,2.161991433e-05,1.482845818e-05,1.009374073e-05,7.542904852e-06,6.821456146e-06,7.468019013e-06,8.507290613e-06,8.890155044e-06,8.966970492e-06,1.088525881e-05,1.643977034e-05,2.427558617e-05,3.00356973e-05,3.018807151e-05,2.578827692e-05,2.186797976e-05,2.271980118e-05,2.801058703e-05,3.38442545e-05,3.734689038e-05,3.91565324e-05,4.161726399e-05,4.353042441e-05,4.127775779e-05,3.037594365e-05,1.544628364e-05,2.317222768e-06,4.060130698e-06,7.131475821e-06
AFF6,1.679569545e-06,-4.152895688e-07,-2.698600861e-06,-1.663312361e-06,2.787596677e-06,6.495581471e-06,5.546315333e-06,8.84698714e-07,-2.654651744e-06,-1.931356506e-06,9.009935923e-07,1.004730127e-06,-3.502545698e-06,-9.456334327e-06,-1.220849058e-05,-1.038902622e-05,-6.582568255e-06,-3.899926803e-06,-2.942015555e-06,-2.305975478e-06,-1.094300624e-06,5.262975992e-08,2.519437195e-07,-2.743439248e-07,-6.901819036e-07,-9.200993514e-07,-1.767389366e-06,-3.541469103e-06,-5.125124939e-06,-4.882548261e-06,-2.405311528e-06,9.668475673e-07,3.373311842e-06,3.925014402e-06,2.969850758e-06,1.307894931e-06,-4.234935649e-07,-1.676514555e-06,-1.870817436e-06,-8.3778565e-07,5.933645306e-07,8.090141854e-07,-1.409930298e-06,-5.718514043e-06,-1.020234884e-05,-1.271214867e-05,-1.253060323e-05,-1.099997524e-05,-1.04731227e-05,-1.229028821e-05,-1.544709416e-05,-1.726411265e-05,-1.565503027e-05,-1.094400023e-05,-5.430606857e-06,-1.142004682e-06,1.827047257e-06,4.655058643e-06,7.822396559e-06,1.040998068e-05,1.160430585e-05,1.238967273e-05,1.49594943e-05,2.026044753e-05,2.673673086e-05,3.215381063e-05,3.650135718e-05,4.227564048e-05,5.142505415e-05,6.248765909e-05,7.158710196e-05,7.646401149e-05,7.891746475e-05,8.269254998e-05,8.914604487e-05,9.563027112e-05,9.833358569e-05,9.619855739e-05,9.158318868e-05,8.738442847e-05,8.429614915e-05,8.113603844e-05,7.716189833e-05,7.316537988e-05,7.018524958e-05,6.78518126e-05,6.4594184e-05,5.933432376e-05,5.251316458e-05,4.547891233e-05,3.942404641e-05,3.51875358e-05,3.350190933e-05,3.448675184e-05,3.664248814e-05,3.707083355e-05,3.360709566e-05,2.695879724e-05,2.0289945e-05,1.630491226e-05,1.481876912e-05,1.338862456e-05,1.015585985e-05,5.695595156e-06,2.109091801e-06,8.456975902e-07,1.782626622e-06,4.014317328e-06,6.678198043e-06,8.736623629e-06,8.7334955e-06,5.820880456e-06,1.23373089e-06,-2.02841578e-06,-1.785481399e-06,1.055238334e-06,3.321691429e-06,2.812859903e-06,2.791418937e-07,-2.102421068e-06,-3.690058976e-06,-5.930829571e-06,-9.855043953e-06,-1.402747434e-05,-1.604485439e-05,-1.586270918e-05,-1.626856663e-05,-1.907081463e-05,-2.146380603e-05,-1.788483178e-05,-6.470277011e-06,7.04249014e-06,1.336198891e-05,8.336281917e-06,-2.825543415e-06,-1.06110516e-05,-1.029227516e-05,-5.387327274e-06,-2.276809204e-06,-2.680003797e-06,-2.68361919e-06,1.066203535e-06,5.914929735e-06,5.389296567e-06,-3.250008878e-06,-1.481405383e-05,-2.034240071e-05,-1.524904898e-05,-2.927949472e-06,9.336052917e-06,1.703692734e-05,2.075988825e-05,2.300241898e-05,2.437108371e-05,2.35548262e-05,2.013721912e-05,1.605143996e-05,1.380043965e-05,1.386707071e-05,1.454684118e-05,1.418810482e-05,1.295827552e-05,1.219350945e-05,1.252840835e-05,1.327164731e-05,1.360845846e-05,1.387889268e-05,1.526312598e-05,1.827694752e-05,2.181407137e-05,2.370214699e-05,2.215862786e-05,1.696598319e-05,9.752980185e-06,3.331847549e-06,2.194089731e-07,9.175713666e-07,3.270529648e-06,4.022433657e-06,1.831515785e-06,-9.886167558e-07,-2.118826616e-07,6.153921199e-06,1.527460542e-05,2.140807104e-05,2.09068843e-05,1.556840321e-05,1.102613887e-05,1.175937336e-05,1.756805555e-05,2.464144834e-05,2.958967016e-05,3.19877496e-05,3.32433144e-05,3.332197285e-05,3.000183057e-05,2.097884267e-05,8.137346404e-06,-3.043074309e-06,-5.401454155e-06,-1.434422734e-07
F2,-2.037755794e-06,-4.576982568e-06,-5.468490781e-06,-3.124513275e-06,1.227990874e-06,4.257236818e-06,3.534160799e-06,-1.888363478e-07,-3.854322513e-06,-5.220292112e-06,-4.929983392e-06,-5.460250134e-06,-8.264664951e-06,-1.219564013e-05,-1.468535564e-05,-1.422011306e-05,-1.157409926e-05,-8.856719656e-06,-7.607059243e-06,-7.723471276e-06,-7.876822289e-06,-6.751459972e-06,-4.094358436e-06,-9.415945282e-07,1.075103438e-06,9.417899167e-07,-8.469391827e-07,-2.538455954e-06,-2.490644475e-06,-5.240513874e-07,2.033427125e-06,3.679665635e-06,4.103210233e-06,4.216158754e-06,4.950649119e-06,6.219132845e-06,7.127467021e-06,7.048898704e-06,6.270625384e-06,5.550971795e-06,5.202156756e-06,4.737221686e-06,3.367071728e-06,7.337880556e-07,-2.812823085e-06,-6.4998825e-06,-9.618116044e-06,-1.186708602e-05,-1.340907435e-05,-1.45924593e-05,-1.547073801e-05,-1.552579176e-05,-1.400941072e-05,-1.074438666e-05,-6.580341824e-06,-2.87005683e-06,-3.687607406e-07,1.291952849e-06,2.964004181e-06,4.922862933e-06,6.641802865e-06,7.640948811e-06,8.337111391e-06,9.851792063e-06,1.305733874e-05,1.803469818e-05,2.443166959e-05,3.194151633e-05,4.007560911e-05,4.767950432e-05,5.336036176e-05,5.68637461e-05,5.977201222e-05,6.414276907e-05,7.00750094e-05,7.492190692e-05,7.54791407e-05,7.115978131e-05,6.477039626e-05,5.992731689e-05,5.781823025e-05,5.66935648e-05,5.435353037e-05,5.061282826e-05,4.70497943e-05,4.469760684e-05,4.262705326e-05,3.903381568e-05,3.337183487e-05,2.703969656e-05,2.207883716e-05,1.957393157e-05,1.930567097e-05,2.036304896e-05,2.15548534e-05,2.147230337e-05,1.904257664e-05,1.46272516e-05,1.027007745e-05,8.065150281e-06,7.924756479e-06,7.369962315e-06,4.097258716e-06,-1.227811327e-06,-5.1819412e-06,-4.860421967e-06,-7.598438692e-07,3.838298181e-06,6.159149612e-06,6.183431333e-06,5.641132898e-06,5.45975778e-06,4.932523964e-06,3.362984372e-06,1.71392094e-06,1.879743633e-06,4.338082771e-06,7.078693924e-06,7.235835579e-06,3.700875898e-06,-2.003187448e-06,-7.213970979e-06,-1.021227081e-05,-1.106725944e-05,-1.112418493e-05,-1.201868112e-05,-1.464325805e-05,-1.811335542e-05,-1.949727584e-05,-1.547940849e-05,-5.530513822e-06,6.232410174e-06,1.317522531e-05,1.127306519e-05,2.625501774e-06,-6.303651829e-06,-1.020217552e-05,-8.742572718e-06,-5.203099174e-06,-2.0794903e-06,1.074951928e-06,5.438186448e-06,9.637703567e-06,9.974080811e-06,4.359209846e-06,-4.532006258e-06,-1.079488244e-05,-1.020304136e-05,-3.47053741e-06,5.181958374e-06,1.206716949e-05,1.625156771e-05,1.830743671e-05,1.811862123e-05,1.485767234e-05,8.967631744e-06,3.164679722e-06,6.199406705e-07,2.072079844e-06,5.186594459e-06,7.045695094e-06,7.071597136e-06,7.169165569e-06,9.052811264e-06,1.194801487e-05,1.342041606e-05,1.244833992e-05,1.112258289e-05,1.26988638e-05,1.779260242e-05,2.285531401e-05,2.297237519e-05,1.65118756e-05,6.991867079e-06,1.374817209e-07,-1.101955467e-06,1.249194235e-06,2.780806648e-06,1.300653491e-06,-1.147594623e-06,-6.281102219e-07,4.589158866e-06,1.224381556e-05,1.807342271e-05,1.937318052e-05,1.685838084e-05,1.362134411e-05,1.260513428e-05,1.476616929e-05,1.89467086e-05,2.304584438e-05,2.547832927e-05,2.594660838e-05,2.512067292e-05,2.332982064e-05,1.97781132e-05,1.320026604e-05,4.177263837e-06,-3.850655083e-06,-5.80147296e-06,-9.082079482e-07
FC2,-2.875378133e-06,-5.111318776e-06,-6.051677192e-06,-3.45134161e-06,1.768392526e-06,6.125573251e-06,6.670045624e-06,3.42992489e-06,-1.03540177e-06,-4.190714223e-06,-5.53652024e-06,-6.39099293e-06,-8.108169471e-06,-1.064368604e-05,-1.266912519e-05,-1.288756372e-05,-1.128916803e-05,-9.279023284e-06,-8.539425728e-06,-9.516627422e-06,-1.086834388e-05,-1.055012211e-05,-7.736761769e-06,-3.783271733e-06,-1.153014675e-06,-1.224685255e-06,-3.107144146e-06,-4.595766424e-06,-4.193904628e-06,-2.135478462e-06,3.684292839e-07,2.480497527e-06,4.162976996e-06,5.584788016e-06,6.627708925e-06,7.14417617e-06,7.364547009e-06,7.659665171e-06,7.934779699e-06,7.602620192e-06,6.299410993e-06,4.365169939e-06,2.343706106e-06,1.664082423e-07,-2.740322868e-06,-6.425761428e-06,-9.903390125e-06,-1.209571951e-05,-1.316406017e-05,-1.435015587e-05,-1.623937798e-05,-1.759263672e-05,-1.649538175e-05,-1.268977622e-05,-8.203821452e-06,-5.268555796e-06,-3.922803067e-06,-2.289511657e-06,7.298113115e-07,3.724265178e-06,4.351456588e-06,2.448958734e-06,8.20214498e-07,2.533476954e-06,7.821322874e-06,1.419323055e-05,1.946378054e-05,2.391066531e-05,2.904863848e-05,3.48908003e-05,3.948157006e-05,4.147020632e-05,4.237622314e-05,4.529159405e-05,5.11386759e-05,5.689320662e-05,5.819859991e-05,5.3748e-05,4.666795782e-05,4.143039834e-05,3.970565127e-05,3.947939863e-05,3.791725419e-05,3.446699499e-05,3.091759882e-05,2.884701017e-05,2.762481826e-05,2.509812201e-05,1.996772528e-05,1.328137325e-05,7.732053437e-06,5.660267503e-06,7.488664816e-06,1.152480276e-05,1.498926245e-05,1.562701888e-05,1.308551268e-05,9.143490334e-06,6.334391972e-06,5.784818369e-06,6.148045952e-06,4.880714205e-06,8.959506205e-07,-3.994741558e-06,-6.467164477e-06,-4.670173016e-06,1.484653075e-07,4.960405562e-06,7.729337985e-06,8.73077863e-06,9.292462276e-06,9.735617616e-06,9.033583244e-06,6.513308733e-06,3.415534023e-06,2.214006912e-06,4.167530851e-06,7.692009126e-06,9.410431445e-06,6.989863504e-06,1.089883595e-06,-5.29583148e-06,-9.319194708e-06,-1.032851277e-05,-9.957372428e-06,-1.049482309e-05,-1.291215258e-05,-1.586594485e-05,-1.631836605e-05,-1.158933118e-05,-1.725054734e-06,9.594053063e-06,1.683905289e-05,1.632340208e-05,9.004864381e-06,-1.355710305e-07,-5.811540968e-06,-6.024002641e-06,-2.460602958e-06,2.120809878e-06,6.413063026e-06,1.044274178e-05,1.36164001e-05,1.392206842e-05,9.743554056e-06,2.340253004e-06,-4.118162796e-06,-5.515859245e-06,-9.702974383e-07,6.809335232e-06,1.397989963e-05,1.809581099e-05,1.854699833e-05,1.554158193e-05,9.683038034e-06,2.654771681e-06,-2.615215758e-06,-3.600392274e-06,-3.794627947e-07,4.220286117e-06,7.196214683e-06,8.10110994e-06,8.887976308e-06,1.101553463e-05,1.325431423e-05,1.299966117e-05,9.78136498e-06,6.759310089e-06,7.92184127e-06,1.358470876e-05,1.914509925e-05,1.894700984e-05,1.167465403e-05,1.815857739e-06,-4.39043055e-06,-4.508742455e-06,-1.507282726e-06,-1.01957022e-07,-1.828511625e-06,-3.790632664e-06,-1.978992538e-06,4.526302612e-06,1.261521728e-05,1.797149504e-05,1.856276914e-05,1.566683018e-05,1.219935041e-05,1.047954686e-05,1.127015142e-05,1.408718565e-05,1.778285177e-05,2.094206124e-05,2.234182941e-05,2.140205128e-05,1.840049497e-05,1.355693287e-05,7.265284005e-06,-2.520205241e-07,-6.280216895e-06,-8.48052562e-06,-2.941302513e-06
FC6,5.862895647e-06,3.371118067e-06,6.485489842e-07,2.995540643e-06,7.949881092e-06,5.669227058e-06,-8.134819772e-06,-2.313333015e-05,-2.336299136e-05,-5.833442447e-06,1.390132618e-05,1.774620927e-05,4.805714538e-06,-8.470553936e-06,-7.856671065e-06,2.842050159e-06,8.096615467e-06,2.87323306e-07,-1.151896065e-05,-1.32860868e-05,-2.732583122e-06,8.989993866e-06,1.090195918e-05,3.391678387e-06,-5.241767683e-06,-9.783821274e-06,-1.189792913e-05,-1.394464546e-05,-1.361155608e-05,-7.317130008e-06,3.218514593e-06,1.148684666e-05,1.366931714e-05,1.272475444e-05,1.32458888e-05,1.426066191e-05,1.041367175e-05,5.307228541e-07,-8.148669193e-06,-6.925684884e-06,3.903370784e-06,1.401134792e-05,1.322358248e-05,1.360166948e-06,-1.287369476e-05,-2.128560645e-05,-2.259969371e-05,-2.021865695e-05,-1.666463453e-05,-1.218028671e-05,-7.399946735e-06,-4.394355738e-06,-3.991568592e-06,-3.73577103e-06,-3.737186602e-07,5.865547793e-06,1.097626172e-05,1.158735683e-05,8.605883065e-06,5.708439286e-06,4.974492587e-06,5.157565149e-06,4.091099594e-06,1.57799638e-06,-4.99821069e-07,1.039830541e-07,4.935517212e-06,1.443023862e-05,2.683735079e-05,3.75996875e-05,4.193837623e-05,3.973632706e-05,3.697432661e-05,4.014785633e-05,4.880475927e-05,5.545293108e-05,5.422245197e-05,4.818841139e-05,4.553033764e-05,4.836473921e-05,4.852245756e-05,3.715255941e-05,1.745324993e-05,4.198558205e-06,8.698818468e-06,2.595092324e-05,3.924879219e-05,3.735089776e-05,2.476210518e-05,1.443234388e-05,1.301690545e-05,1.615228218e-05,1.71525898e-05,1.607195411e-05,1.773724502e-05,2.319768324e-05,2.731649906e-05,2.568365632e-05,2.066963969e-05,1.775105433e-05,1.710498563e-05,1.255620709e-05,2.58351928e-07,-1.404168702e-05,-1.931802811e-05,-1.074474912e-05,5.236997834e-06,1.785306805e-05,2.205763999e-05,2.041846117e-05,1.702673483e-05,1.295931431e-05,8.338603607e-06,5.593905998e-06,7.413097417e-06,1.203876073e-05,1.381470448e-05,9.772814358e-06,3.525902126e-06,3.039541843e-07,-6.536824247e-07,-5.279418184e-06,-1.529775407e-05,-2.302974156e-05,-1.939958139e-05,-6.623772868e-06,1.456054577e-06,-5.350007814e-06,-1.991343173e-05,-2.35427241e-05,-6.609225547e-06,1.936579746e-05,3.293375434e-05,2.507963348e-05,7.504273383e-06,-1.769411099e-06,2.117923655e-06,8.414056726e-06,6.086286922e-06,-2.850862989e-06,-7.361750265e-06,-2.047361736e-06,6.253790977e-06,7.198783283e-06,-6.323004778e-07,-8.461577298e-06,-7.479532788e-06,2.253536309e-06,1.340787504e-05,1.949701259e-05,1.959953607e-05,1.642471976e-05,1.272907686e-05,1.057368156e-05,1.180254489e-05,1.652279108e-05,2.110353998e-05,2.002230649e-05,1.137553651e-05,-5.848185615e-08,-6.692329321e-06,-5.248040911e-06,8.351646951e-07,6.115195636e-06,8.918245109e-06,1.147945452e-05,1.545237029e-05,1.9428319e-05,2.148326986e-05,2.23254638e-05,2.385225196e-05,2.49200573e-05,2.101310622e-05,9.836474832e-06,-3.73055124e-06,-1.066952234e-05,-6.941365544e-06,1.470053483e-06,4.210498777e-06,-2.476251567e-06,-1.136780671e-05,-1.151351908e-05,4.307771576e-07,1.657204415e-05,2.524127651e-05,2.15924482e-05,1.108536403e-05,3.573942823e-06,4.670480437e-06,1.231726256e-05,2.041666564e-05,2.49149353e-05,2.667520139e-05,2.846163271e-05,3.112288552e-05,2.934522999e-05,1.889997074e-05,-2.60985423e-06,-2.259942243e-05,-3.362201648e-05,-1.448984667e-05
C4,-2.617465545e-06,-5.496525818e-06,-5.131292143e-06,-1.644339342e-06,2.332033974e-06,4.952492241e-06,6.350574374e-06,6.812507894e-06,5.342153288e-06,1.10581971e-06,-4.369715075e-06,-7.919592843e-06,-8.086102516e-06,-6.761882485e-06,-6.647299038e-06,-7.647243234e-06,-7.099414972e-06,-3.799404664e-06,-4.745439105e-07,-9.617640182e-07,-5.233217474e-06,-8.675220714e-06,-7.055756435e-06,-1.445675936e-06,2.865328589e-06,2.232477795e-06,-1.593429453e-06,-3.926875252e-06,-2.427629141e-06,1.046147249e-06,3.456815847e-06,4.083253581e-06,4.414685032e-06,5.539130663e-06,6.932120026e-06,7.798405287e-06,8.349303534e-06,8.970427495e-06,8.865003205e-06,6.762486739e-06,3.055590573e-06,7.601820585e-08,-5.701282202e-07,-3.406451273e-07,-2.289644813e-06,-7.158205089e-06,-1.199724847e-05,-1.346067997e-05,-1.18757298e-05,-1.086352263e-05,-1.276093745e-05,-1.553148237e-05,-1.514407892e-05,-1.052502685e-05,-4.909533709e-06,-1.956643964e-06,-1.576981543e-06,-6.579355175e-07,2.447608923e-06,5.545128422e-06,5.401254849e-06,2.144708999e-06,-3.305471338e-07,1.466431171e-06,6.904387938e-06,1.227039459e-05,1.504608461e-05,1.628316966e-05,1.86585479e-05,2.303765401e-05,2.771213963e-05,3.078968553e-05,3.245923587e-05,3.443729963e-05,3.756014001e-05,4.055662899e-05,4.135318875e-05,3.926929353e-05,3.567636792e-05,3.258758021e-05,3.079971543e-05,2.942381511e-05,2.709303173e-05,2.353447557e-05,1.993683233e-05,1.771621317e-05,1.686514125e-05,1.566835076e-05,1.239925229e-05,7.511011571e-06,3.935534921e-06,4.730780562e-06,1.011675244e-05,1.688234348e-05,2.091111686e-05,2.041615199e-05,1.685910364e-05,1.306316241e-05,1.076145042e-05,9.816318141e-06,9.126527701e-06,7.744372992e-06,5.349937412e-06,2.403481878e-06,1.931073965e-07,2.385730666e-07,2.949208662e-06,6.851729555e-06,9.748145256e-06,1.093661241e-05,1.180723885e-05,1.368815502e-05,1.54510466e-05,1.432463676e-05,9.595293859e-06,4.666088739e-06,4.093881985e-06,8.242807845e-06,1.189612417e-05,9.287990697e-06,4.459362239e-07,-8.418973162e-06,-1.128671809e-05,-8.480998044e-06,-5.757807538e-06,-7.56731063e-06,-1.224064259e-05,-1.42333981e-05,-1.026763704e-05,-2.239887158e-06,5.642389627e-06,1.113134381e-05,1.449998904e-05,1.585171248e-05,1.382750907e-05,7.886224761e-06,8.807490011e-07,-2.282331127e-06,8.317271987e-07,7.597882879e-06,1.285858695e-05,1.377836592e-05,1.164983953e-05,9.145707384e-06,6.886820944e-06,3.539431948e-06,-1.109021327e-06,-4.386372817e-06,-2.822327153e-06,4.14768806e-06,1.300683388e-05,1.872843453e-05,1.838264099e-05,1.257593947e-05,4.287964231e-06,-3.05529455e-06,-6.854446603e-06,-6.057115933e-06,-1.615045256e-06,3.920426553e-06,8.097063007e-06,1.03533715e-05,1.19097813e-05,1.359455404e-05,1.412958106e-05,1.136768899e-05,5.552553002e-06,6.635093092e-07,1.359297629e-06,7.99106956e-06,1.509894448e-05,1.58188845e-05,8.359281172e-06,-2.011687592e-06,-7.790880059e-06,-6.190966643e-06,-1.234850726e-06,9.54776959e-07,-1.42503209e-06,-4.381486931e-06,-2.795701956e-06,4.006907818e-06,1.159636083e-05,1.496004214e-05,1.313556002e-05,9.365487714e-06,7.3731624e-06,8.173360639e-06,1.038464731e-05,1.268741408e-05,1.509364616e-05,1.789001874e-05,2.021015377e-05,2.028182775e-05,1.718846369e-05,1.146862977e-05,4.88757664e-06,-1.411670952e-06,-5.606684398e-06,-6.83253729e-06,-2.350695243e-06
T8,4.677456093e-06,-1.832678797e-07,-2.926657787e-06,-3.102899568e-07,5.59108161e-06,8.966260021e-06,6.426856094e-06,8.412541074e-07,-1.773159421e-06,1.075099987e-06,5.70111588e-06,6.539192143e-06,2.303568717e-06,-2.928329088e-06,-4.474393679e-06,-1.856460998e-06,1.504169882e-06,2.500415656e-06,1.200509559e-06,-3.455232093e-07,-9.295758951e-07,-1.007754822e-06,-1.265250049e-06,-1.51698854e-06,-1.337550415e-06,-9.63839695e-07,-8.357408668e-07,-5.98198054e-07,5.177772981e-07,2.154075684e-06,2.562188391e-06,6.870684591e-07,-1.833711528e-06,-1.830201754e-06,1.77642805e-06,6.143544647e-06,7.095438275e-06,3.480724195e-06,-1.710713319e-06,-4.733235017e-06,-4.922969138e-06,-4.641661917e-06,-5.932163158e-06,-8.293325075e-06,-1.000969816e-05,-1.067641418e-05,-1.135359399e-05,-1.245078866e-05,-1.269357188e-05,-1.087113276e-05,-7.917738533e-06,-6.149372037e-06,-6.337661149e-06,-6.496542324e-06,-4.244814698e-06,1.018699773e-07,3.677568753e-06,4.317348101e-06,2.830807595e-06,1.599354614e-06,1.595718705e-06,1.748298702e-06,1.139948294e-06,6.696661482e-07,1.773791825e-06,4.125866732e-06,5.796205865e-06,5.895726023e-06,6.059701576e-06,8.490512415e-06,1.299720869e-05,1.705569305e-05,1.89640713e-05,1.990298373e-05,2.203389282e-05,2.511288607e-05,2.629069563e-05,2.365961299e-05,1.90265003e-05,1.61637382e-05,1.659435598e-05,1.818290822e-05,1.816835371e-05,1.657171247e-05,1.562485556e-05,1.627770262e-05,1.665936529e-05,1.458410812e-05,1.069066067e-05,8.010572237e-06,8.582800372e-06,1.151173335e-05,1.46072134e-05,1.686031215e-05,1.836346569e-05,1.852226922e-05,1.611365201e-05,1.172159654e-05,8.665753226e-06,9.708620921e-06,1.288495157e-05,1.239125795e-05,4.906524342e-06,-5.670229112e-06,-1.131112388e-05,-7.972585928e-06,4.450387369e-07,6.782468873e-06,8.140905003e-06,7.38069513e-06,7.727420779e-06,8.253712148e-06,6.165337538e-06,2.185725629e-06,9.276990801e-07,5.010298876e-06,1.066331559e-05,1.131082653e-05,5.273894499e-06,-2.127775323e-06,-4.990052511e-06,-3.709172413e-06,-3.601158133e-06,-7.30659041e-06,-1.1232329e-05,-1.084756681e-05,-7.524170716e-06,-7.064265199e-06,-1.111785975e-05,-1.306618413e-05,-5.257509841e-06,1.030861349e-05,2.166676791e-05,1.904711011e-05,5.96959807e-06,-4.118078515e-06,-2.325055633e-06,6.68451364e-06,1.130155212e-05,6.806515276e-06,-5.648588503e-08,-4.540746537e-07,5.382569763e-06,8.821556164e-06,3.90394181e-06,-5.08453942e-06,-8.520408001e-06,-2.426254364e-06,7.565897012e-06,1.307347384e-05,1.164543501e-05,7.477049605e-06,5.062806375e-06,4.595169192e-06,3.938401337e-06,2.870249703e-06,3.273414105e-06,5.653839699e-06,7.716761075e-06,7.435159764e-06,6.188811468e-06,7.070818249e-06,1.021841088e-05,1.166488431e-05,7.992234872e-06,1.261371796e-06,-2.282628969e-06,1.271163515e-06,9.279271712e-06,1.53687541e-05,1.562658755e-05,1.105873844e-05,4.655037039e-06,-1.956166245e-06,-8.018359814e-06,-1.144349843e-05,-9.69343861e-06,-3.624055839e-06,1.337218033e-06,2.767826252e-08,-6.254723631e-06,-1.002425012e-05,-5.315085726e-06,5.388156354e-06,1.315129791e-05,1.172454332e-05,3.788002924e-06,-2.353952972e-06,-1.400494372e-06,4.718367458e-06,1.078277119e-05,1.454851388e-05,1.77767158e-05,2.176194516e-05,2.412555434e-05,2.078677928e-05,1.140556477e-05,7.577537215e-08,-6.979315111e-06,-7.93193327e-06,-2.515343908e-06
CP2,-6.073373382e-06,-6.924874092e-06,-7.305812777e-06,-6.833739152e-06,-5.417234479e-06,-3.223966798e-06,-7.436565508e-07,1.136713028e-06,1.416797136e-06,-3.482557246e-07,-3.581939303e-06,-7.004344837e-06,-9.51725356e-06,-1.07863675e-05,-1.102434626e-05,-1.045050597e-05,-9.220860335e-06,-7.837937806e-06,-7.227966571e-06,-8.011562945e-06,-9.658748076e-06,-1.065869174e-05,-9.79954232e-06,-7.303144943e-06,-4.589272418e-06,-2.91631956e-06,-2.343484971e-06,-1.989826102e-06,-1.080023043e-06,4.407532168e-07,2.176875188e-06,3.806889753e-06,5.187742805e-06,6.172665353e-06,6.658367617e-06,6.836003968e-06,7.103202857e-06,7.523600627e-06,7.538564188e-06,6.525102513e-06,4.669805424e-06,2.97089387e-06,2.10354825e-06,1.410851464e-06,-6.071712164e-07,-4.633465933e-06,-9.55097878e-06,-1.33511447e-05,-1.497616659e-05,-1.503707808e-05,-1.469664582e-05,-1.416741301e-05,-1.261772876e-05,-9.451484783e-06,-5.278568694e-06,-1.426833443e-06,1.264017485e-06,2.86720458e-06,3.741463691e-06,3.993390348e-06,3.835019333e-06,4.116191547e-06,5.859944625e-06,9.040788739e-06,1.221327185e-05,1.384411421e-05,1.402022304e-05,1.443254805e-05,1.64555526e-05,1.955228714e-05,2.201990134e-05,2.325630462e-05,2.469730026e-05,2.80325487e-05,3.269361308e-05,3.577990965e-05,3.488430141e-05,3.076179907e-05,2.671186418e-05,2.51969483e-05,2.541944249e-05,2.454582425e-05,2.113798098e-05,1.687307185e-05,1.46362613e-05,1.519885676e-05,1.622718744e-05,1.468759314e-05,9.995428013e-06,4.635849779e-06,1.85546847e-06,2.956838373e-06,6.654928812e-06,1.049921763e-05,1.257091636e-05,1.218064828e-05,9.79656462e-06,6.832250602e-06,5.150329687e-06,5.88271793e-06,8.196532022e-06,9.497791348e-06,7.555795057e-06,2.825714084e-06,-1.494301859e-06,-2.075662414e-06,1.706444847e-06,7.51842662e-06,1.24632103e-05,1.541820172e-05,1.697164917e-05,1.759969689e-05,1.671067267e-05,1.380828113e-05,1.008932164e-05,8.025076546e-06,8.931544608e-06,1.121890557e-05,1.154652177e-05,7.909773586e-06,1.492493341e-06,-4.520819839e-06,-7.733214311e-06,-8.089278632e-06,-7.114785338e-06,-6.234440641e-06,-5.91566411e-06,-5.797834967e-06,-4.927655783e-06,-1.941114709e-06,4.069046852e-06,1.203452938e-05,1.839555785e-05,1.909485757e-05,1.300860942e-05,3.537960374e-06,-3.687491842e-06,-5.166477533e-06,-1.828096667e-06,2.757332814e-06,6.032391647e-06,8.060455606e-06,9.85913392e-06,1.102856499e-05,9.773799855e-06,5.306582095e-06,-3.173403592e-07,-3.26001392e-06,-9.714281923e-07,5.691030998e-06,1.308710317e-05,1.724590089e-05,1.59767088e-05,9.488775943e-06,-9.671419166e-08,-9.613004245e-06,-1.591714525e-05,-1.713097561e-05,-1.348264528e-05,-6.992985169e-06,-9.059182006e-08,5.711291738e-06,9.998260553e-06,1.264738266e-05,1.322151867e-05,1.142153312e-05,8.097338368e-06,5.450607744e-06,5.694417432e-06,9.034609037e-06,1.284542147e-05,1.320326412e-05,7.91787625e-06,-1.398996249e-06,-1.021442796e-05,-1.442681791e-05,-1.335525635e-05,-9.678110581e-06,-6.457779838e-06,-4.245293205e-06,-1.149065803e-06,4.375044001e-06,1.112973664e-05,1.58015806e-05,1.592386202e-05,1.207761961e-05,7.274180002e-06,4.513855161e-06,5.020017961e-06,8.261013889e-06,1.2781743e-05,1.667264307e-05,1.792792769e-05,1.522210437e-05,9.298798103e-06,2.120738762e-06,-3.695790842e-06,-8.099002645e-06,-1.009205347e-05,-1.076404603e-05,-4.372565789e-06
CP6,-2.18176147e-06,-4.864408687e-06,-5.235212616e-06,-3.502955961e-06,-1.598131308e-06,-9.263895384e-07,-9.940455225e-07,-4.574847952e-07,8.112544794e-07,1.258948377e-06,-5.832488257e-07,-4.201754132e-06,-7.33729725e-06,-8.104014875e-06,-6.629465926e-06,-4.573221844e-06,-3.364338061e-06,-3.202390604e-06,-3.600843384e-06,-4.353316488e-06,-5.594971502e-06,-7.086304929e-06,-7.923404148e-06,-7.269054127e-06,-5.321228158e-06,-3.347824651e-06,-2.631178719e-06,-3.324852673e-06,-4.291654267e-06,-4.036739621e-06,-1.914459277e-06,1.358057564e-06,4.250966618e-06,5.577985483e-06,5.305809099e-06,4.311314935e-06,3.333575857e-06,2.23130723e-06,4.195335621e-07,-1.987882072e-06,-3.816589333e-06,-4.008996888e-06,-3.169839711e-06,-3.476018853e-06,-6.571673355e-06,-1.154773992e-05,-1.541809619e-05,-1.590126299e-05,-1.361312575e-05,-1.12428768e-05,-1.060321566e-05,-1.083321899e-05,-9.66530732e-06,-6.148119081e-06,-1.700092288e-06,1.479030032e-06,2.544198212e-06,2.297050767e-06,1.781573367e-06,1.290166595e-06,8.91026385e-07,1.251187264e-06,3.147430815e-06,6.129023026e-06,8.370469971e-06,8.449124407e-06,7.124335741e-06,6.780341844e-06,8.894161842e-06,1.244619101e-05,1.52404374e-05,1.658843459e-05,1.805119755e-05,2.125130426e-05,2.54258146e-05,2.784724415e-05,2.679899864e-05,2.35959619e-05,2.115624406e-05,2.072673017e-05,2.062257365e-05,1.848464295e-05,1.437238057e-05,1.097728665e-05,1.061871015e-05,1.248474684e-05,1.33483579e-05,1.10260379e-05,6.762112927e-06,3.993210614e-06,4.960436432e-06,8.791094927e-06,1.274937194e-05,1.485879267e-05,1.502966625e-05,1.402947975e-05,1.216008663e-05,9.386694274e-06,6.397938092e-06,4.716152975e-06,5.25170363e-06,6.93193729e-06,7.323677839e-06,4.982923332e-06,1.144032701e-06,-1.149422636e-06,2.764659002e-07,4.855558989e-06,9.928988345e-06,1.305491181e-05,1.369721054e-05,1.299779079e-05,1.234430308e-05,1.228211711e-05,1.248048436e-05,1.227890177e-05,1.111045051e-05,8.663878478e-06,5.003765179e-06,6.553400232e-07,-3.561753906e-06,-6.93913012e-06,-9.179223298e-06,-1.035726097e-05,-1.072494415e-05,-1.060722952e-05,-1.029148116e-05,-9.68597303e-06,-8.014280969e-06,-4.223142341e-06,1.788700095e-06,8.215764615e-06,1.204033199e-05,1.129429725e-05,6.93411718e-06,2.333876228e-06,6.110367773e-07,2.236579969e-06,5.137287189e-06,6.949178606e-06,6.999011089e-06,6.18265128e-06,5.338859961e-06,4.190397883e-06,1.970182532e-06,-1.179782649e-06,-3.715246227e-06,-3.672361246e-06,-1.885344257e-07,5.717618979e-06,1.157054485e-05,1.46540457e-05,1.333404827e-05,7.910465633e-06,5.753639633e-07,-5.621441827e-06,-8.298478328e-06,-6.828670626e-06,-2.344677922e-06,3.1412783e-06,7.758583009e-06,1.039003386e-05,1.082308512e-05,9.574173931e-06,7.461622027e-06,5.132074919e-06,2.952950342e-06,1.378487698e-06,1.153357539e-06,2.620694497e-06,4.57152125e-06,4.277383042e-06,-3.676092616e-07,-8.186938946e-06,-1.459976475e-05,-1.508435762e-05,-9.325565303e-06,-1.743460547e-06,2.536362263e-06,2.353670843e-06,1.048459468e-06,2.465077815e-06,6.839933539e-06,1.083188542e-05,1.11999572e-05,7.882660312e-06,3.540982224e-06,8.671148579e-07,8.971010138e-07,3.439533434e-06,7.947228783e-06,1.333740095e-05,1.759946528e-05,1.848514662e-05,1.55200224e-05,9.784316041e-06,3.630987363e-06,-2.618938298e-06,-7.117584794e-06,-9.921642152e-06,-4.393385711e-06
P4,-4.919082191e-06,-6.644387472e-06,-7.850970974e-06,-8.223840764e-06,-7.639589805e-06,-6.100493236e-06,-3.797686687e-06,-1.319993764e-06,3.290589456e-07,1.977051952e-07,-1.894836661e-06,-5.041037772e-06,-7.731702828e-06,-8.808628609e-06,-8.116014123e-06,-6.412441743e-06,-4.785818949e-06,-4.09847336e-06,-4.719877895e-06,-6.468019173e-06,-8.677469739e-06,-1.045959136e-05,-1.113784415e-05,-1.058681283e-05,-9.192184769e-06,-7.494990082e-06,-5.880222486e-06,-4.526616541e-06,-3.475865787e-06,-2.611275351e-06,-1.626297486e-06,-2.158917104e-07,1.576724382e-06,3.266541134e-06,4.292735417e-06,4.465294467e-06,3.959964307e-06,2.926904742e-06,1.34939688e-06,-5.57148467e-07,-2.025331973e-06,-2.2734311e-06,-1.59255172e-06,-1.626394256e-06,-4.061770186e-06,-8.808829366e-06,-1.368962494e-05,-1.624624969e-05,-1.590977942e-05,-1.423437474e-05,-1.29973135e-05,-1.233483592e-05,-1.093874868e-05,-7.87839024e-06,-3.815830654e-06,-3.212408468e-07,1.662261152e-06,2.362291802e-06,2.429754185e-06,2.238139908e-06,2.143141355e-06,2.921612361e-06,5.212339637e-06,8.375053587e-06,1.049652544e-05,1.015562331e-05,8.152653018e-06,6.962156184e-06,8.202771666e-06,1.098650385e-05,1.320068899e-05,1.424553016e-05,1.579901238e-05,1.947031458e-05,2.414742508e-05,2.652754268e-05,2.460646208e-05,2.014779276e-05,1.704188638e-05,1.718627925e-05,1.853299224e-05,1.756652966e-05,1.340269344e-05,8.848875939e-06,7.282635836e-06,8.944846911e-06,1.076378981e-05,9.73126239e-06,6.004615785e-06,2.549540313e-06,2.108564054e-06,4.864129697e-06,8.802202339e-06,1.167081247e-05,1.229223882e-05,1.055201381e-05,7.076286868e-06,3.288437744e-06,1.170846278e-06,2.008571668e-06,4.960653123e-06,7.253710953e-06,6.416873663e-06,2.612984075e-06,-1.327057958e-06,-2.30503636e-06,5.683536798e-07,5.695799596e-06,1.073857407e-05,1.429690039e-05,1.60876753e-05,1.621972439e-05,1.494502654e-05,1.305366543e-05,1.181121808e-05,1.187379936e-05,1.225766047e-05,1.085052999e-05,6.322154188e-06,-4.651079226e-07,-7.067816707e-06,-1.143879316e-05,-1.321314028e-05,-1.324357152e-05,-1.236778784e-05,-1.093426293e-05,-9.20595654e-06,-7.500323414e-06,-5.5734141e-06,-2.313386876e-06,3.148723709e-06,9.716110512e-06,1.421891513e-05,1.381734601e-05,8.842279757e-06,2.961210461e-06,9.920722123e-08,1.079431311e-06,3.401843929e-06,4.251885897e-06,3.39191055e-06,2.890121906e-06,4.269189702e-06,6.454985129e-06,6.826609183e-06,4.142654556e-06,1.493050379e-07,-1.775720901e-06,4.81939164e-07,6.04748496e-06,1.175779521e-05,1.431172802e-05,1.208530743e-05,5.667018143e-06,-2.703716803e-06,-1.019979843e-05,-1.450033346e-05,-1.456093149e-05,-1.078411339e-05,-4.592578569e-06,2.236254762e-06,8.076926287e-06,1.172025607e-05,1.255922166e-05,1.077150691e-05,7.367474717e-06,3.959229406e-06,2.2308737e-06,3.168425939e-06,6.255098176e-06,9.202107845e-06,8.931674991e-06,3.748017455e-06,-4.808095965e-06,-1.241352497e-05,-1.501440025e-05,-1.205457736e-05,-6.739492551e-06,-2.853282059e-06,-1.243999689e-06,4.050481444e-07,4.380568162e-06,9.916935649e-06,1.368096952e-05,1.311975121e-05,8.94403701e-06,4.279254395e-06,1.84510699e-06,2.297209534e-06,4.849577618e-06,8.502863129e-06,1.216466521e-05,1.425933303e-05,1.305901589e-05,8.578261857e-06,2.105160363e-06,-3.629777625e-06,-8.612513788e-06,-1.114510468e-05,-1.283671495e-05,-5.757175993e-06
P8,3.343267891e-06,-4.118439034e-07,-3.047880612e-06,-4.030936672e-06,-4.315342877e-06,-5.095180985e-06,-6.287231179e-06,-6.525904839e-06,-4.773251515e-06,-1.731568401e-06,6.067574813e-07,8.42345113e-07,-5.395358538e-07,-1.76885573e-06,-1.505731295e-06,1.143002226e-07,1.887245878e-06,2.6225932e-06,1.790435729e-06,-4.874785979e-07,-3.618359998e-06,-6.649645798e-06,-8.560886867e-06,-8.830737895e-06,-7.819823047e-06,-6.485171542e-06,-5.630010391e-06,-5.409190054e-06,-5.479439025e-06,-5.458623196e-06,-5.163618739e-06,-4.5549554e-06,-3.677824701e-06,-2.70555611e-06,-1.902963552e-06,-1.466875339e-06,-1.494498788e-06,-2.164440252e-06,-3.751969764e-06,-6.180939027e-06,-8.595503291e-06,-9.816405097e-06,-9.6169551e-06,-9.407456704e-06,-1.10900523e-05,-1.487213418e-05,-1.84502683e-05,-1.888518218e-05,-1.548514607e-05,-1.057214013e-05,-7.138286845e-06,-5.888651425e-06,-4.91317749e-06,-2.227870031e-06,1.826680849e-06,5.009944262e-06,5.696772178e-06,4.443201858e-06,3.016557107e-06,2.444807277e-06,2.49701262e-06,2.780067475e-06,3.515875619e-06,4.844099958e-06,5.898562106e-06,5.430686903e-06,3.534087677e-06,2.12010312e-06,3.073600048e-06,6.085220733e-06,8.933477458e-06,1.011089404e-05,1.061761504e-05,1.25458598e-05,1.604586098e-05,1.850410717e-05,1.72650848e-05,1.285110319e-05,8.776156037e-06,7.945533522e-06,9.689513541e-06,1.0791049e-05,9.233574472e-06,6.326920667e-06,4.932416293e-06,6.092321789e-06,8.0132248e-06,8.345137445e-06,6.876162984e-06,5.604348708e-06,6.442775829e-06,9.359377857e-06,1.274335621e-05,1.498764561e-05,1.529875927e-05,1.339026023e-05,9.333182957e-06,4.179308645e-06,2.063552233e-07,-4.311073016e-07,2.219900374e-06,5.476926176e-06,6.222843618e-06,3.77420226e-06,4.71545807e-07,-6.094181686e-07,1.600569701e-06,5.64792365e-06,9.322008094e-06,1.14872205e-05,1.23047171e-05,1.236716927e-05,1.219755488e-05,1.237947301e-05,1.337257112e-05,1.469101826e-05,1.459449287e-05,1.133692511e-05,5.057197778e-06,-1.869747121e-06,-6.748056477e-06,-8.798688811e-06,-9.272004981e-06,-9.494183511e-06,-9.366370624e-06,-8.075674878e-06,-5.751998757e-06,-3.525973423e-06,-1.738634998e-06,1.074005483e-06,6.422542348e-06,1.307062979e-05,1.699440051e-05,1.50735389e-05,8.778027527e-06,3.391210689e-06,3.036381748e-06,6.683922175e-06,9.490750328e-06,7.9689518e-06,3.320995009e-06,-4.246606651e-07,-9.332973089e-07,4.183302471e-07,8.162349124e-07,-5.736000977e-07,-1.934314252e-06,-1.065952282e-06,2.42397093e-06,7.165422465e-06,1.141130394e-05,1.379306306e-05,1.322720888e-05,9.257205583e-06,3.077335876e-06,-2.355310588e-06,-4.226323265e-06,-2.26673953e-06,1.076014812e-06,3.15877382e-06,3.617992074e-06,4.033606552e-06,5.384625865e-06,6.535898908e-06,5.620939282e-06,2.560457803e-06,-3.968388556e-07,-7.719948268e-07,1.799923192e-06,5.369389378e-06,7.377625652e-06,6.276598917e-06,1.988758711e-06,-4.20294471e-06,-9.790201694e-06,-1.184206365e-05,-8.94883911e-06,-2.899563134e-06,2.159482862e-06,3.123674318e-06,7.65526596e-07,-1.141302781e-06,2.335222011e-07,3.876066972e-06,6.155662427e-06,4.767744011e-06,1.132373049e-06,-1.088257768e-06,5.370381993e-07,5.348737093e-06,1.0706479e-05,1.430606947e-05,1.546168083e-05,1.448516361e-05,1.225931787e-05,8.701800853e-06,4.456334587e-06,-1.404945126e-06,-6.269936397e-06,-1.072915695e-05,-5.729630061e-06
O2,4.359968607e-07,-3.561958203e-06,-7.684817323e-06,-1.142041453e-05,-1.405470218e-05,-1.479291221e-05,-1.324076822e-05,-9.875818652e-06,-5.983417869e-06,-2.936177069e-06,-1.335893814e-06,-7.472588785e-07,-2.403115412e-07,7.886182089e-07,2.239707698e-06,3.561651451e-06,4.195286262e-06,3.752964736e-06,1.967584447e-06,-1.250742888e-06,-5.562458783e-06,-1.006786938e-05,-1.35920311e-05,-1.525030422e-05,-1.487107924e-05,-1.301237946e-05,-1.064724721e-05,-8.712631516e-06,-7.666488239e-06,-7.239158575e-06,-6.635447203e-06,-5.198742306e-06,-3.035536286e-06,-9.59870295e-07,2.422426224e-07,4.290231496e-07,-9.254728183e-08,-1.217823413e-06,-3.130201744e-06,-5.562461986e-06,-7.32310524e-06,-7.197680157e-06,-5.600235492e-06,-4.90642566e-06,-7.428587608e-06,-1.276916561e-05,-1.75442034e-05,-1.826121013e-05,-1.46061552e-05,-9.645618934e-06,-6.650659375e-06,-5.93216358e-06,-5.021218433e-06,-1.771932299e-06,3.164112341e-06,7.054675021e-06,7.859730388e-06,5.920306264e-06,3.140486441e-06,1.160554305e-06,5.897320791e-07,1.424380306e-06,3.307803819e-06,5.168698594e-06,5.352200279e-06,2.995506665e-06,-6.227575154e-07,-2.736995284e-06,-1.614602466e-06,1.716060247e-06,4.661201565e-06,5.942924623e-06,6.76674248e-06,8.834618026e-06,1.16715255e-05,1.274664987e-05,1.050408057e-05,6.666539996e-06,4.754073248e-06,6.212739787e-06,8.597627783e-06,8.110609474e-06,3.825679275e-06,-1.081441242e-06,-2.485835841e-06,5.695382543e-07,5.106480859e-06,7.32235999e-06,6.103497657e-06,3.530376455e-06,2.468981621e-06,4.066042803e-06,7.277581614e-06,1.004066806e-05,1.05137223e-05,7.73541922e-06,2.111631681e-06,-4.246410366e-06,-8.182483146e-06,-7.490788045e-06,-2.847977781e-06,2.38890856e-06,4.808058649e-06,3.714523589e-06,1.409053002e-06,8.178042496e-07,2.966218738e-06,6.675223028e-06,1.026215514e-05,1.303909412e-05,1.515974323e-05,1.66114647e-05,1.698956568e-05,1.626500191e-05,1.517524171e-05,1.433116135e-05,1.304306486e-05,9.593790034e-06,3.05979485e-06,-5.263471363e-06,-1.257389504e-05,-1.677637929e-05,-1.785039905e-05,-1.707659224e-05,-1.533471597e-05,-1.25475486e-05,-8.615344423e-06,-4.21780685e-06,-2.321646473e-07,3.356584506e-06,7.270164177e-06,1.140015004e-05,1.397517574e-05,1.301692937e-05,8.812761763e-06,4.414027216e-06,3.06120791e-06,5.020826269e-06,7.317000891e-06,6.81561835e-06,3.411599132e-06,-5.66404082e-08,-9.275054082e-07,5.995586801e-07,1.994170632e-06,1.320039401e-06,-6.611560377e-07,-1.243722979e-06,1.613650122e-06,7.382517813e-06,1.322606689e-05,1.585744846e-05,1.349483105e-05,6.831234532e-06,-1.309701082e-06,-7.437459829e-06,-9.275358588e-06,-6.919885698e-06,-2.433048528e-06,1.787895364e-06,4.470600718e-06,5.652607374e-06,5.84892791e-06,5.352917851e-06,4.316289055e-06,3.163937786e-06,2.6193804e-06,3.285976319e-06,5.26024349e-06,8.009361327e-06,1.037521438e-05,1.079319921e-05,8.12293529e-06,2.906007199e-06,-2.213166263e-06,-4.034270428e-06,-1.490766485e-06,3.120726039e-06,6.041235016e-06,5.522182863e-06,3.337211945e-06,2.676706308e-06,4.667900828e-06,7.260132911e-06,7.534775112e-06,4.768668908e-06,1.047833657e-06,-8.055260767e-07,4.983769758e-07,4.274599801e-06,8.841563681e-06,1.239952752e-05,1.352189391e-05,1.138627993e-05,7.127334249e-06,2.159210102e-06,-1.198988549e-06,-4.650245048e-06,-7.127155804e-06,-1.193821818e-05,-7.17626312e-06
HEOG,-3.19354619e-06,-1.584067421e-06,-1.858781022e-06,-1.907537748e-06,1.706496806e-08,1.869530174e-06,-3.783360726e-06,-1.299498568e-06,-2.767677747e-06,3.015884714e-06,-2.154329815e-06,-4.369039013e-06,3.554667135e-06,-1.049843903e-05,3.374742169e-06,9.459596725e-07,-2.695632923e-06,4.178570866e-06,-5.412262312e-07,8.867030992e-08,2.330567813e-06,-2.971209399e-06,6.222833575e-06,-5.275588374e-09,3.325326122e-06,4.624598722e-06,1.187450546e-05,1.254435991e-06,4.114307251e-06,3.908070616e-06,1.913088803e-06,1.497928986e-06,-3.810593258e-06,7.360137746e-06,1.25288306e-05,1.092568985e-05,2.436583414e-06,6.385090072e-06,2.668251904e-06,7.147871424e-06,4.904473592e-06,1.062329691e-05,6.164641709e-06,1.773068105e-06,6.341776876e-06,7.977581838e-06,5.025657123e-06,5.17317017e-06,9.343046465e-06,5.667566618e-06,-1.967981824e-06,1.455080454e-06,-5.406615419e-06,2.16906823e-06,2.00142487e-06,-6.032224121e-06,-1.363410673e-06,-4.392682171e-07,-3.852441345e-06,-8.648512682e-06,-6.677457056e-06,-7.77347111e-07,1.208490685e-07,-6.765929114e-06,9.365913942e-06,-1.28711752e-05,-7.588421256e-06,1.143664004e-06,-1.664988058e-05,-1.796584351e-05,-4.242657701e-06,3.369365888e-06,-2.369216699e-05,-1.319890563e-05,-1.467411477e-05,-2.445800591e-05,-2.555704612e-05,-3.032690904e-05,-2.13224268e-05,-1.909075234e-05,-1.009683153e-05,-2.579081262e-05,-2.179518514e-05,-1.470518333e-05,-2.196392119e-05,-1.100498036e-05,-1.493660734e-05,-1.543717723e-05,-9.17006319e-06,-1.057464818e-05,-1.046292724e-05,-4.556468739e-06,-1.221372836e-05,-1.596084191e-05,-1.294028473e-05,-1.036505482e-05,-1.544866718e-05,-8.348823135e-06,-8.054570686e-06,-1.281484112e-05,-1.310438912e-07,-1.128925538e-05,-1.19848576e-06,-1.367275092e-05,-3.270190784e-06,-1.54654973e-06,-1.02669719e-05,-8.683804833e-07,-1.533167004e-05,-1.85589834e-05,-6.596640095e-06,-1.434973998e-05,-8.047879251e-06,-3.23222359e-06,-6.258430095e-06,-1.714949482e-05,-1.234066542e-05,-7.721445266e-06,-7.46910201e-06,5.077611002e-06,-6.714731836e-06,-1.186870948e-05,-6.722240921e-06,-1.169849927e-05,-5.657792987e-06,-5.873624693e-07,-4.292461751e-06,-3.886080237e-06,-8.105127832e-06,2.879778926e-06,-3.013199531e-06,-6.137180141e-06,-5.928541616e-06,-7.444197632e-06,1.155216968e-06,-5.786064307e-06,-1.642416009e-06,-7.042506822e-06,-6.107741295e-06,-3.289230408e-06,-6.023555437e-06,-7.6821972e-06,-2.580522337e-06,-6.756551606e-06,-9.826827864e-06,-8.489637129e-06,3.063189981e-06,5.101260317e-07,6.874466387e-06,3.078180838e-08,-1.822089345e-05,-2.673393084e-06,-5.659380488e-06,-5.054913361e-06,-3.283109345e-06,-6.243643503e-06,-3.630734981e-06,-2.549272157e-06,-7.076747769e-06,1.449363312e-06,-4.380282375e-06,-8.626270174e-06,1.507780055e-06,-3.097155702e-06,-9.329041154e-07,8.092255035e-06,1.910849641e-06,4.174212375e-06,3.142344882e-06,-4.762146192e-06,7.042329578e-06,-6.208576752e-07,5.538657299e-06,1.420932451e-05,1.314143322e-05,1.417366892e-05,2.864252916e-05,1.279572848e-05,1.588213664e-05,1.344406675e-05,7.109229406e-06,1.496976495e-05,1.743670171e-05,1.328854966e-05,1.919534626e-05,7.115105209e-06,3.139276434e-06,1.001752905e-05,8.823405933e-06,1.175808786e-05,1.421260335e-06,3.598627544e-07,1.739376787e-06,-7.651715881e-06,-2.806651953e-06,1.407753923e-06,1.248895665e-05,5.264794504e-06,2.879527833e-05,1.472895412e-05,-7.344587261e-06
VEOG,-5.896955855e-05,-1.889076656e-05,4.148829702e-05,1.523736064e-06,-5.165994702e-05,-1.454396962e-05,4.537630394e-05,1.218145323e-05,-5.090956412e-05,-1.597033765e-05,4.271527835e-05,5.586377966e-06,-5.624467743e-05,-1.696074322e-05,4.337909073e-05,5.625197133e-06,-5.66019811e-05,-1.736725185e-05,4.070485882e-05,1.972236665e-07,-6.246233039e-05,-2.096558447e-05,4.481460169e-05,2.297872878e-06,-6.019831013e-05,-1.082698124e-05,4.692242177e-05,4.795579372e-06,-5.550906853e-05,-1.299369194e-05,4.692880422e-05,8.129079767e-07,-5.693404307e-05,-1.477472289e-05,4.981563018e-05,1.503816463e-06,-5.111483539e-05,-9.135814752e-06,4.791224906e-05,1.026401835e-06,-5.828227224e-05,-5.12146635e-06,3.888626176e-05,-6.499518192e-07,-6.18225447e-05,-2.356408545e-05,4.414505979e-05,6.755388387e-06,-5.303194929e-05,-1.508901836e-05,4.404106035e-05,-2.706812316e-07,-5.619328075e-05,-1.457699645e-05,4.45774334e-05,-3.516294023e-06,-5.719586823e-05,-1.117902332e-05,6.48402741e-05,2.779376012e-05,-1.978793209e-05,3.652989267e-05,0.0001012812596,8.261217424e-05,4.335995199e-05,0.0001051519619,0.0001718544862,0.0001559402319,0.0001062569065,0.0001622535812,0.0002396573147,0.0002178266846,0.0001728877241,0.0002211881097,0.0002827514475,0.000248706309,0.0001933879921,0.0002292926994,0.0002887329408,0.0002445865032,0.0001725566585,0.0002133539134,0.0002656647404,0.0002106540293,0.0001500224479,0.0001714608649,0.0002201495946,0.0001749770956,0.0001006731392,0.0001316097753,0.0001710592746,0.0001135633715,3.68983172e-05,6.863450679e-05,0.0001161182842,6.900685797e-05,-4.472745313e-06,2.931513845e-05,8.371315068e-05,2.12043254e-05,-2.914479559e-05,8.841716989e-06,5.468945666e-05,5.809288995e-06,-4.83550811e-05,-9.359360277e-06,4.644527371e-05,3.568106878e-07,-6.462114811e-05,-2.476702191e-05,3.927686688e-05,-1.492002863e-05,-7.285403119e-05,-2.879981451e-05,1.580739474e-05,-3.519631679e-05,-8.780566621e-05,-4.413491736e-05,1.251029714e-05,-3.040770535e-05,-8.244078808e-05,-3.97257813e-05,9.15870589e-06,-3.553753909e-05,-8.895783017e-05,-4.101170996e-05,1.453434574e-05,-4.406621452e-05,-0.0001040854529,-4.646578204e-05,1.160867904e-05,-2.872998026e-05,-8.955876899e-05,-4.136714107e-05,6.321703036e-06,-4.955363714e-05,-0.0001097406299,-5.948744772e-05,4.452247286e-06,-4.584846311e-05,-9.923692029e-05,-5.515750468e-05,1.029658754e-05,-3.240867113e-05,-9.63408048e-05,-5.3277132e-05,1.240214511e-05,-3.180948145e-05,-8.468530445e-05,-2.522754515e-05,4.009965383e-05,-4.385605831e-06,-3.630616284e-05,1.342314706e-05,7.428104909e-05,2.62122159e-05,-3.423113799e-05,1.325744614e-05,6.95976595e-05,1.918501745e-05,-4.241188819e-05,1.230863492e-05,6.147943932e-05,8.849093647e-06,-3.501712719e-05,6.190540919e-06,6.060532644e-05,1.022508869e-05,-4.168664028e-05,2.888553975e-06,5.332974189e-05,-1.434675383e-07,-5.289967581e-05,1.25388871e-06,4.279793647e-05,-5.038121666e-06,-5.811189202e-05,-8.077762587e-06,4.18544586e-05,-1.608262553e-05,-6.245747062e-05,1.809519351e-06,5.844020371e-05,6.316515914e-06,-4.227965504e-05,-2.917502044e-08,5.73801341e-05,1.755052077e-06,-5.016599292e-05,-2.452225599e-07,4.780730364e-05,2.547638288e-06,-4.406989682e-05,-8.709491113e-06,5.137735446e-05,5.831920433e-07,-4.812994637e-05,-8.91685567e-06,4.883013617e-05,-4.642058404e-06,-3.177493193e-05
